-- phpMyAdmin SQL Dump
-- version 5.1.1
-- https://www.phpmyadmin.net/
--
-- Gép: 127.0.0.1
-- Létrehozás ideje: 2026. Ápr 23. 01:06
-- Kiszolgáló verziója: 10.4.20-MariaDB
-- PHP verzió: 7.3.29

SET SQL_MODE = "NO_AUTO_VALUE_ON_ZERO";
START TRANSACTION;
SET time_zone = "+00:00";


/*!40101 SET @OLD_CHARACTER_SET_CLIENT=@@CHARACTER_SET_CLIENT */;
/*!40101 SET @OLD_CHARACTER_SET_RESULTS=@@CHARACTER_SET_RESULTS */;
/*!40101 SET @OLD_COLLATION_CONNECTION=@@COLLATION_CONNECTION */;
/*!40101 SET NAMES utf8mb4 */;

--
-- Adatbázis: `fortunacasino`
--
CREATE DATABASE IF NOT EXISTS `fortunacasino` DEFAULT CHARACTER SET utf8mb4 COLLATE utf8mb4_general_ci;
USE `fortunacasino`;

-- --------------------------------------------------------

--
-- Tábla szerkezet ehhez a táblához `lotterydraws`
--

CREATE TABLE `lotterydraws` (
  `Id` bigint(20) NOT NULL,
  `DrawDate` datetime(6) NOT NULL,
  `TicketPrice` decimal(10,2) NOT NULL,
  `WinningNumbers` longtext DEFAULT NULL,
  `IsDrawn` tinyint(1) NOT NULL,
  `IsActive` tinyint(1) NOT NULL,
  `TotalTicketsSold` int(11) NOT NULL,
  `TotalPayout` decimal(10,2) NOT NULL,
  `DrawnAt` datetime(6) DEFAULT NULL,
  `DrawnBy` bigint(20) DEFAULT NULL,
  `CreatedAt` datetime(6) NOT NULL,
  `GameType` varchar(20) NOT NULL DEFAULT 'Lottery5'
) ENGINE=InnoDB DEFAULT CHARSET=utf8mb4;

--
-- A tábla adatainak kiíratása `lotterydraws`
--

INSERT INTO `lotterydraws` (`Id`, `DrawDate`, `TicketPrice`, `WinningNumbers`, `IsDrawn`, `IsActive`, `TotalTicketsSold`, `TotalPayout`, `DrawnAt`, `DrawnBy`, `CreatedAt`, `GameType`) VALUES
(1, '2026-05-05 20:04:01.000000', '400.00', NULL, 0, 1, 0, '0.00', NULL, NULL, '2026-03-03 23:44:41.000000', 'Lottery5'),
(2, '2026-05-05 20:04:01.000000', '300.00', '12;15;27;28;43;44', 1, 1, 2, '0.00', '2026-04-19 23:34:48.996305', 9, '2026-03-03 23:44:41.000000', 'Lottery6'),
(3, '2026-05-05 20:04:01.000000', '200.00', NULL, 0, 0, 0, '0.00', NULL, NULL, '2026-03-03 23:44:41.000000', 'Keno'),
(4, '2026-05-05 20:04:01.000000', '450.00', '6;9;25;28;29;31;35', 1, 1, 2, '0.00', '2026-04-20 16:07:21.382833', 9, '2026-04-04 10:40:36.000000', 'Scandinavian'),
(5, '2026-05-05 20:04:01.000000', '800.00', NULL, 0, 1, 0, '0.00', NULL, NULL, '2026-04-04 10:40:36.000000', 'Eurojackpot'),
(6, '2026-05-05 20:04:01.000000', '300.00', NULL, 0, 1, 0, '0.00', NULL, NULL, '2026-04-04 10:40:36.000000', 'Joker'),
(9, '2026-04-14 00:05:00.000000', '400.00', '14;43;49;54;72', 1, 1, 0, '0.00', '2026-04-14 00:05:03.923271', 9, '2026-04-14 00:04:52.215206', 'Lottery5'),
(11, '2026-04-27 08:00:00.000000', '300.00', '8;16;23;35;37;39', 1, 1, 16, '0.00', '2026-04-19 23:36:58.883582', 9, '2026-04-19 23:35:40.917433', 'Lottery6'),
(12, '2026-04-28 10:00:00.000000', '300.00', '1;2;3;4;5', 1, 1, 1, '150000.00', '2026-04-21 17:04:09.097337', 9, '2026-04-19 23:41:05.500067', 'Lottery6'),
(13, '2026-04-22 17:02:00.000000', '400.00', '1;2;3;4;5;6;7', 1, 1, 1, '99999999.99', '2026-04-23 00:06:39.954908', 9, '2026-04-21 17:02:24.661366', 'Scandinavian'),
(14, '2026-04-24 17:11:00.000000', '300.00', '1;2;3;4;5;6', 1, 1, 1, '3000000.00', '2026-04-21 17:12:20.055653', 9, '2026-04-21 17:11:23.655114', 'Lottery6'),
(16, '2026-05-09 19:07:00.000000', '400.00', NULL, 0, 1, 0, '0.00', NULL, NULL, '2026-04-21 21:08:09.534607', 'Lottery6'),
(17, '2026-05-07 19:08:00.000000', '350.00', NULL, 0, 1, 0, '0.00', NULL, NULL, '2026-04-21 21:08:20.075027', 'Keno'),
(18, '2026-04-24 22:09:00.000000', '400.00', '1;2;3;4;5;6;7', 1, 1, 1, '99999999.99', '2026-04-23 00:10:57.130762', 9, '2026-04-23 00:10:10.114271', 'Scandinavian');

-- --------------------------------------------------------

--
-- Tábla szerkezet ehhez a táblához `lotterytickets`
--

CREATE TABLE `lotterytickets` (
  `Id` bigint(20) NOT NULL,
  `UserId` bigint(20) NOT NULL,
  `DrawId` bigint(20) NOT NULL,
  `TicketCode` varchar(255) NOT NULL,
  `FieldsNumbers` longtext DEFAULT NULL,
  `Fields` int(11) DEFAULT NULL,
  `FieldsFilled` tinyint(3) UNSIGNED NOT NULL,
  `IsQuickPick` tinyint(1) NOT NULL,
  `TotalPrice` decimal(10,2) NOT NULL,
  `MatchesNumbers` tinyint(3) UNSIGNED DEFAULT NULL,
  `Matches` tinyint(3) UNSIGNED DEFAULT NULL,
  `TotalWinAmount` decimal(10,2) NOT NULL,
  `IsPaidOut` tinyint(1) NOT NULL,
  `Status` longtext NOT NULL,
  `BoughtAt` datetime(6) NOT NULL
) ENGINE=InnoDB DEFAULT CHARSET=utf8mb4;

--
-- A tábla adatainak kiíratása `lotterytickets`
--

INSERT INTO `lotterytickets` (`Id`, `UserId`, `DrawId`, `TicketCode`, `FieldsNumbers`, `Fields`, `FieldsFilled`, `IsQuickPick`, `TotalPrice`, `MatchesNumbers`, `Matches`, `TotalWinAmount`, `IsPaidOut`, `Status`, `BoughtAt`) VALUES
(1, 9, 1, 'LOT260300001', '3;4;6;26;30', 1, 1, 1, '400.00', 0, NULL, '0.00', 0, 'drawn', '2026-03-11 18:39:35.458703'),
(2, 9, 2, 'LOT260300002', '16;18;25;78;85', 1, 1, 1, '300.00', 0, NULL, '0.00', 0, 'drawn', '2026-03-11 18:39:45.699972'),
(3, 9, 3, 'LOT260300003', '18;19;28;31;83', 1, 1, 1, '200.00', 0, NULL, '0.00', 0, 'drawn', '2026-03-11 18:39:51.404806'),
(4, 9, 1, 'LOT260300004', '3;19;26;55;82', 1, 1, 1, '400.00', NULL, NULL, '0.00', 0, 'active', '2026-03-11 19:11:17.859374'),
(5, 9, 2, 'LOT260300005', '13;29;42;56;59', 1, 1, 1, '300.00', 0, NULL, '0.00', 0, 'drawn', '2026-03-11 19:19:21.551938'),
(6, 9, 3, 'LOT260300006', '26;29;42;74;78', 1, 1, 1, '200.00', NULL, NULL, '0.00', 0, 'active', '2026-03-11 19:19:27.879335'),
(7, 9, 1, 'LOT260300007', '5;12;23;34;45', 1, 1, 0, '400.00', NULL, NULL, '0.00', 0, 'active', '0001-01-01 02:00:00.000000'),
(8, 9, 1, 'LOT260300008', '6;13;22;31;44', 1, 1, 0, '400.00', NULL, NULL, '0.00', 0, 'active', '0001-01-01 02:00:00.000000'),
(37, 15, 1, 'UWGUTV17OELY', '12;23;34;45;56', 1, 1, 0, '400.00', NULL, NULL, '0.00', 0, 'active', '2026-04-04 10:49:56.245147'),
(38, 15, 2, '3SRNUMNQ7EES', '5;15;25;35;45;55', 1, 1, 0, '300.00', 1, NULL, '0.00', 0, 'drawn', '2026-04-04 10:50:11.485552'),
(39, 15, 3, 'BJB5WOC241Y3', '2;8;15;23;31;40;47;55;62;70', 1, 1, 0, '200.00', NULL, NULL, '0.00', 0, 'active', '2026-04-04 10:50:26.065337'),
(40, 15, 4, 'EOJWSVBHAVNZ', '7;14;21;28;35;42;49', 1, 1, 0, '450.00', 2, NULL, '0.00', 0, 'drawn', '2026-04-04 10:50:40.753935'),
(41, 15, 5, '1BAVA2J92EQK', '3;5;10;12;19;28;37', 1, 1, 0, '800.00', NULL, NULL, '0.00', 0, 'active', '2026-04-04 10:50:58.587739'),
(42, 15, 6, '3CZV9THCY3XY', '123456', 1, 1, 0, '300.00', NULL, NULL, '0.00', 0, 'active', '2026-04-04 10:51:11.513829'),
(43, 15, 6, 'C04BP99EVR04', '123456', 1, 1, 0, '300.00', NULL, NULL, '0.00', 0, 'active', '2026-04-04 10:51:11.519308'),
(44, 15, 6, 'EQD954JT96EL', '784512', 1, 1, 0, '300.00', NULL, NULL, '0.00', 0, 'active', '2026-04-04 10:52:50.084712'),
(45, 15, 6, 'F2OJQLNJ1AHF', '784512', 1, 1, 0, '300.00', NULL, NULL, '0.00', 0, 'active', '2026-04-04 10:52:50.088475'),
(46, 15, 6, '5QK5UIAILYVK', '123456', 1, 1, 0, '300.00', NULL, NULL, '0.00', 0, 'active', '2026-04-04 10:53:15.107255'),
(47, 15, 3, 'K5UOFN91FXW6', '2;8;15;23;31;40;47;55;62;70', 1, 1, 0, '200.00', NULL, NULL, '0.00', 0, 'active', '2026-04-04 10:53:15.112661'),
(48, 15, 1, 'YDQFCY1GHVXD', '10;20;30;40;50', 1, 1, 0, '400.00', NULL, NULL, '0.00', 0, 'active', '2026-04-04 10:53:47.238666'),
(49, 15, 4, '79AN9F7T6X6N', '7;14;21;28;35;42;49', 1, 1, 0, '450.00', 2, NULL, '0.00', 0, 'drawn', '2026-04-04 10:53:47.242627'),
(50, 15, 5, 'Z5NU6RBPTPCI', '3;5;10;12;19;28;37', 1, 1, 0, '800.00', NULL, NULL, '0.00', 0, 'active', '2026-04-04 10:53:47.246084'),
(51, 12, 1, 'LGSK2ERU6IF1', '5;12;20;60;87', 1, 1, 1, '400.00', NULL, NULL, '0.00', 0, 'active', '2026-04-05 19:29:06.493610'),
(52, 12, 6, 'I4HMAD3H1Q1D', '205061', 1, 1, 0, '300.00', NULL, NULL, '0.00', 0, 'active', '2026-04-05 19:29:06.557755'),
(53, 12, 6, 'KPF1OKO2Q458', '427115', 1, 1, 0, '300.00', NULL, NULL, '0.00', 0, 'active', '2026-04-05 19:29:06.564970'),
(54, 12, 6, 'CK4AA5P7E06W', '819483', 1, 1, 0, '300.00', NULL, NULL, '0.00', 0, 'active', '2026-04-05 19:29:06.569049'),
(55, 12, 1, 'B122I3TFCZ3I', '35;39;51;67;74', 1, 1, 0, '400.00', NULL, NULL, '0.00', 0, 'active', '2026-04-05 19:50:44.991522'),
(56, 12, 1, 'AH2J6RCA26L7', '1;7;27;48;84', 1, 1, 0, '400.00', NULL, NULL, '0.00', 0, 'active', '2026-04-05 19:50:45.053185'),
(57, 12, 1, '4MRQTI8LBGNF', '52;56;57;59;84', 1, 1, 0, '400.00', NULL, NULL, '0.00', 0, 'active', '2026-04-05 19:50:45.058809'),
(58, 12, 1, 'QV9A6TY46TLX', '14;40;53;74;89', 1, 1, 1, '400.00', NULL, NULL, '0.00', 0, 'active', '2026-04-05 19:58:31.046505'),
(59, 12, 6, 'NGZBNLAXFYWK', '871419', 1, 1, 0, '300.00', NULL, NULL, '0.00', 0, 'active', '2026-04-05 19:58:31.191445'),
(60, 12, 6, 'S8G79FUGDOE8', '797010', 1, 1, 0, '300.00', NULL, NULL, '0.00', 0, 'active', '2026-04-05 19:58:31.197612'),
(61, 12, 6, 'MU4JLUSLE5BH', '053010', 1, 1, 0, '300.00', NULL, NULL, '0.00', 0, 'active', '2026-04-05 19:58:31.202721'),
(62, 12, 1, '8ZY234TZY9KX', '6;19;30;35;76', 1, 1, 0, '400.00', NULL, NULL, '0.00', 0, 'active', '2026-04-05 20:05:18.716172'),
(63, 12, 1, 'BBOHAGHTZLQB', '1;4;12;22;86', 1, 1, 0, '400.00', NULL, NULL, '0.00', 0, 'active', '2026-04-05 20:05:39.095940'),
(64, 12, 1, 'FQ9F7MDXCEOW', '11;53;56;59;65', 1, 1, 0, '400.00', NULL, NULL, '0.00', 0, 'active', '2026-04-05 20:05:39.104468'),
(65, 12, 1, '8XFO44KVNCN1', '12;22;24;32;46', 1, 1, 0, '400.00', NULL, NULL, '0.00', 0, 'active', '2026-04-05 20:10:38.552049'),
(66, 12, 1, '5YFY5NGNQLZS', '12;42;69;71;90', 1, 1, 0, '400.00', NULL, NULL, '0.00', 0, 'active', '2026-04-05 20:10:38.556372'),
(67, 12, 1, '361IYD3CEPLC', '24;37;41;56;70', 1, 1, 1, '400.00', NULL, NULL, '0.00', 0, 'active', '2026-04-05 20:11:23.049871'),
(68, 12, 1, 'MTSLL3S5Z910', '15;50;60;74;77', 1, 1, 1, '400.00', NULL, NULL, '0.00', 0, 'active', '2026-04-05 20:11:23.055703'),
(69, 12, 6, '84RZW8ABK721', '538281', 1, 1, 0, '300.00', NULL, NULL, '0.00', 0, 'active', '2026-04-05 20:11:23.061561'),
(70, 12, 6, 'BL6WIZ2N3FMP', '637249', 1, 1, 0, '300.00', NULL, NULL, '0.00', 0, 'active', '2026-04-05 20:11:23.067082'),
(71, 12, 6, 'ZAYEWOAAAFM8', '027117', 1, 1, 0, '300.00', NULL, NULL, '0.00', 0, 'active', '2026-04-05 20:11:23.072292'),
(72, 12, 1, 'MB8IMR10ERBP', '7;18;29;31;59', 1, 1, 1, '400.00', NULL, NULL, '0.00', 0, 'active', '2026-04-05 20:49:47.423900'),
(73, 12, 6, 'A8RXSYL2LB0U', '573548', 1, 1, 0, '300.00', NULL, NULL, '0.00', 0, 'active', '2026-04-05 20:49:47.457553'),
(74, 12, 6, 'JSR3GOLBY823', '656820', 1, 1, 0, '300.00', NULL, NULL, '0.00', 0, 'active', '2026-04-05 20:49:47.462542'),
(75, 12, 6, 'B4M0DVZSMZ2Y', '627372', 1, 1, 0, '300.00', NULL, NULL, '0.00', 0, 'active', '2026-04-05 20:49:47.468281'),
(76, 9, 1, 'ZMLVM6C4LRTP', '3;8;14;50;59', 1, 1, 0, '400.00', NULL, NULL, '0.00', 0, 'active', '2026-04-06 19:16:23.933334'),
(77, 9, 1, 'RDISQYNZ0CR7', '2;3;58;84;85', 1, 1, 0, '400.00', NULL, NULL, '0.00', 0, 'active', '2026-04-06 19:16:23.972941'),
(78, 9, 1, 'YGKVI7DFKLIC', '7;8;33;53;88', 1, 1, 0, '400.00', NULL, NULL, '0.00', 0, 'active', '2026-04-06 19:16:23.978004'),
(79, 9, 1, 'GTM97FIIO064', '50;60;64;73;78', 1, 1, 0, '400.00', NULL, NULL, '0.00', 0, 'active', '2026-04-06 19:16:23.988840'),
(80, 9, 1, 'D3OLNV9DH4AC', '26;40;46;51;77', 1, 1, 0, '400.00', NULL, NULL, '0.00', 0, 'active', '2026-04-06 19:16:23.993056'),
(81, 9, 1, 'KNJB4BLRK411', '6;26;42;77;79', 1, 1, 0, '400.00', NULL, NULL, '0.00', 0, 'active', '2026-04-06 19:16:23.996655'),
(82, 9, 6, 'KCFAKXKH2AUS', '352136', 1, 1, 0, '300.00', NULL, NULL, '0.00', 0, 'active', '2026-04-06 19:16:24.000104'),
(83, 9, 6, 'W8B89DW39C56', '311529', 1, 1, 0, '300.00', NULL, NULL, '0.00', 0, 'active', '2026-04-06 19:16:24.004422'),
(84, 9, 6, 'MBRAPGVJMY41', '939978', 1, 1, 0, '300.00', NULL, NULL, '0.00', 0, 'active', '2026-04-06 19:16:24.008680'),
(85, 12, 1, '9P1A0S5YQB76', '47;48;58;74;84', 1, 1, 1, '400.00', NULL, NULL, '0.00', 0, 'active', '2026-04-06 20:00:02.097377'),
(86, 12, 1, '7VJEQ1N3SBC7', '52;76;77;80;89', 1, 1, 1, '400.00', NULL, NULL, '0.00', 0, 'active', '2026-04-06 20:00:02.132099'),
(87, 12, 1, 'W3SZOIX8MB2H', '3;5;17;42;46', 1, 1, 1, '400.00', NULL, NULL, '0.00', 0, 'active', '2026-04-06 20:00:02.136230'),
(88, 12, 1, '8HX7ZBJISED2', '18;36;56;61;70', 1, 1, 1, '400.00', NULL, NULL, '0.00', 0, 'active', '2026-04-06 20:00:02.140576'),
(89, 12, 1, 'Z6T7DVF8Q8VN', '2;3;18;30;32', 1, 1, 1, '400.00', NULL, NULL, '0.00', 0, 'active', '2026-04-06 20:00:02.144992'),
(90, 12, 1, '8B5XIYB7BV54', '11;18;45;50;68', 1, 1, 1, '400.00', NULL, NULL, '0.00', 0, 'active', '2026-04-06 20:00:02.149197'),
(91, 12, 6, 'FBWFH73QUWDR', '519410', 1, 1, 0, '300.00', NULL, NULL, '0.00', 0, 'active', '2026-04-06 20:00:02.154035'),
(92, 12, 6, '32J78UPAIWSB', '149195', 1, 1, 0, '300.00', NULL, NULL, '0.00', 0, 'active', '2026-04-06 20:00:02.158105'),
(93, 12, 6, 'ZUN4JP7BVR5Y', '628872', 1, 1, 0, '300.00', NULL, NULL, '0.00', 0, 'active', '2026-04-06 20:00:02.161655'),
(94, 12, 3, 'EWA6ZF73LK0O', '30;40;49;77;87', 1, 1, 1, '400.00', NULL, NULL, '0.00', 0, 'active', '2026-04-06 20:00:02.165082'),
(95, 12, 3, 'GVE4L62LRYSX', '46;52;54;57;65', 1, 1, 1, '400.00', NULL, NULL, '0.00', 0, 'active', '2026-04-06 20:00:02.168513'),
(96, 12, 3, '49FSVRO4FU4V', '3;4;20;29;49', 1, 1, 1, '400.00', NULL, NULL, '0.00', 0, 'active', '2026-04-06 20:00:02.172722'),
(97, 12, 5, 'GOZUXA6NHN72', '1;4;48;61;75', 1, 1, 1, '400.00', NULL, NULL, '0.00', 0, 'active', '2026-04-06 20:00:02.176804'),
(98, 12, 5, 'WMBA0CHY0D0Z', '12;16;21;45;82', 1, 1, 1, '400.00', NULL, NULL, '0.00', 0, 'active', '2026-04-06 20:00:02.180334'),
(99, 12, 5, 'IZW0B3Z8Z5DZ', '3;25;35;58;68', 1, 1, 1, '400.00', NULL, NULL, '0.00', 0, 'active', '2026-04-06 20:00:02.184070'),
(100, 12, 5, 'LR651MIK1O4F', '1;46;55;75;90', 1, 1, 1, '400.00', NULL, NULL, '0.00', 0, 'active', '2026-04-06 20:00:02.189567'),
(101, 12, 5, '75PHHWJNW6N0', '2;53;57;75;90', 1, 1, 1, '400.00', NULL, NULL, '0.00', 0, 'active', '2026-04-06 20:00:02.194221'),
(102, 12, 5, '5S2NATO5YPBR', '2;8;9;19;39', 1, 1, 1, '400.00', NULL, NULL, '0.00', 0, 'active', '2026-04-06 20:00:02.198274'),
(103, 16, 6, 'BEBA5MZT1T8L', '551103', 1, 1, 0, '300.00', NULL, NULL, '0.00', 0, 'active', '2026-04-07 11:33:42.336255'),
(104, 16, 6, 'P64K4PZGBB56', '605063', 1, 1, 0, '300.00', NULL, NULL, '0.00', 0, 'active', '2026-04-07 11:33:42.422462'),
(105, 16, 6, '72DY85JZJHRP', '050393', 1, 1, 0, '300.00', NULL, NULL, '0.00', 0, 'active', '2026-04-07 11:33:42.427775'),
(106, 16, 1, 'CNJ9VPKJW3MJ', '2;7;33;53;58', 1, 1, 0, '400.00', NULL, NULL, '0.00', 0, 'active', '2026-04-07 11:33:42.431831'),
(107, 16, 1, 'BES51I8ICUDW', '46;50;75;82;86', 1, 1, 0, '400.00', NULL, NULL, '0.00', 0, 'active', '2026-04-07 11:33:42.436207'),
(108, 16, 1, '6LWXI44ATUXZ', '9;17;18;26;70', 1, 1, 0, '400.00', NULL, NULL, '0.00', 0, 'active', '2026-04-07 11:33:42.440786'),
(109, 16, 1, 'YR19VORBDCZV', '48;56;68;72;82', 1, 1, 0, '400.00', NULL, NULL, '0.00', 0, 'active', '2026-04-07 11:33:42.445465'),
(110, 16, 1, 'ZUNLSE5SJ3DH', '30;32;42;50;52', 1, 1, 0, '400.00', NULL, NULL, '0.00', 0, 'active', '2026-04-07 11:33:42.449551'),
(111, 16, 1, '1370X7IM5IZ0', '46;56;57;58;86', 1, 1, 0, '400.00', NULL, NULL, '0.00', 0, 'active', '2026-04-07 11:33:42.454409'),
(112, 16, 1, 'P4ZS198S57J9', '4;5;44;46;86', 1, 1, 0, '400.00', NULL, NULL, '0.00', 0, 'active', '2026-04-07 18:19:17.764779'),
(113, 9, 1, 'LNFIROAJ58WY', '7;34;57;70;83', 1, 1, 0, '400.00', NULL, NULL, '0.00', 0, 'active', '2026-04-07 18:27:41.748037'),
(114, 9, 1, 'Q8BESHBWCUKU', '3;56;66;79;89', 1, 1, 0, '400.00', NULL, NULL, '0.00', 0, 'active', '2026-04-07 18:27:41.759681'),
(115, 9, 1, '6HAGBQCPV4KX', '9;31;48;49;74', 1, 1, 0, '400.00', NULL, NULL, '0.00', 0, 'active', '2026-04-07 18:55:50.844253'),
(116, 9, 1, 'G701JCG6PT64', '2;22;33;41;70', 1, 1, 0, '400.00', NULL, NULL, '0.00', 0, 'active', '2026-04-10 22:39:54.691364'),
(117, 9, 1, 'SPAX1ARC8HB6', '1;7;31;46;65', 1, 1, 0, '400.00', NULL, NULL, '0.00', 0, 'active', '2026-04-10 22:39:54.769679'),
(118, 9, 1, 'TPPH91LCMGHZ', '14;59;61;66;72', 1, 1, 0, '400.00', NULL, NULL, '0.00', 0, 'active', '2026-04-10 22:39:54.775577'),
(119, 9, 1, '6DHZDVF0Q5BQ', '8;13;19;45;53', 1, 1, 0, '400.00', NULL, NULL, '0.00', 0, 'active', '2026-04-10 22:39:54.779512'),
(120, 9, 1, 'HITF10QNL44Z', '25;28;31;69;74', 1, 1, 0, '400.00', NULL, NULL, '0.00', 0, 'active', '2026-04-10 22:39:54.784424'),
(127, 9, 1, 'LOT260400001', '25;30;46;60;72', 1, 1, 0, '400.00', NULL, NULL, '0.00', 0, 'active', '2026-04-14 02:06:15.853010'),
(144, 23, 3, 'LOT260400002', '41;50;51;53;60;61;63;67;69;70', 1, 1, 0, '500.00', NULL, NULL, '0.00', 0, 'active', '2026-04-19 12:08:50.344639'),
(145, 23, 3, 'LOT260400003', '4;9;15;25;33;38;40;41;61;76', 1, 1, 0, '500.00', NULL, NULL, '0.00', 0, 'active', '2026-04-19 12:08:50.376043'),
(146, 9, 3, 'LOT260400004', '7;8;11;14;21;22;33;37;48;70', 1, 1, 0, '1750.00', NULL, NULL, '0.00', 0, 'active', '2026-04-19 12:53:41.722280'),
(147, 9, 3, 'LOT260400005', '1;23;24;27;29;31;32;37;41;63', 1, 1, 0, '1750.00', NULL, NULL, '0.00', 0, 'active', '2026-04-19 14:09:52.742350'),
(148, 9, 3, 'LOT260400006', '15;16;25;35;37;58;73;74;78;79', 1, 1, 0, '1750.00', NULL, NULL, '0.00', 0, 'active', '2026-04-19 14:09:52.771496'),
(149, 9, 3, 'LOT260400007', '2;8;11;23;24;33;55;67;73;77', 1, 1, 0, '1750.00', NULL, NULL, '0.00', 0, 'active', '2026-04-19 14:09:52.772445'),
(150, 9, 3, 'LOT260400008', '13;15;17;25;35;41;56;58;71;79', 1, 1, 0, '1750.00', NULL, NULL, '0.00', 0, 'active', '2026-04-19 14:09:52.772564'),
(151, 9, 3, 'LOT260400009', '1;4;8;10;24;44;53;68;71;76', 1, 1, 0, '1750.00', NULL, NULL, '0.00', 0, 'active', '2026-04-19 14:09:52.772652'),
(152, 9, 3, 'LOT260400010', '6;10;25;45;49;52;56;64;68;75', 1, 1, 0, '1750.00', NULL, NULL, '0.00', 0, 'active', '2026-04-19 14:09:52.772740'),
(153, 9, 6, 'LOT260400011', '856727', 1, 1, 0, '300.00', NULL, NULL, '0.00', 0, 'active', '2026-04-19 14:09:52.772818'),
(154, 9, 6, 'LOT260400012', '308099', 1, 1, 0, '300.00', NULL, NULL, '0.00', 0, 'active', '2026-04-19 14:09:52.772887'),
(155, 9, 6, 'LOT260400013', '355075', 1, 1, 0, '300.00', NULL, NULL, '0.00', 0, 'active', '2026-04-19 14:09:52.772964'),
(156, 9, 11, 'LOT260400014', '5;14;24;37;39;41', 1, 1, 0, '400.00', 2, NULL, '0.00', 0, 'drawn', '2026-04-20 01:36:49.433598'),
(157, 9, 11, 'LOT260400015', '3;7;13;15;27;32', 1, 1, 0, '400.00', 0, NULL, '0.00', 0, 'drawn', '2026-04-20 01:36:49.438572'),
(158, 9, 11, 'LOT260400016', '5;29;31;34;38;39', 1, 1, 0, '400.00', 1, NULL, '0.00', 0, 'drawn', '2026-04-20 01:36:49.439669'),
(159, 9, 11, 'LOT260400017', '1;13;23;24;26;36', 1, 1, 0, '400.00', 1, NULL, '0.00', 0, 'drawn', '2026-04-20 01:36:49.439853'),
(160, 9, 11, 'LOT260400018', '1;5;15;28;35;45', 1, 1, 0, '400.00', 1, NULL, '0.00', 0, 'drawn', '2026-04-20 01:36:49.440051'),
(161, 9, 11, 'LOT260400019', '13;28;29;33;36;38', 1, 1, 0, '400.00', 0, NULL, '0.00', 0, 'drawn', '2026-04-20 01:36:49.440224'),
(162, 9, 11, 'LOT260400020', '15;49;65;75;81', 1, 1, 1, '400.00', 0, NULL, '0.00', 0, 'drawn', '2026-04-20 01:36:49.441041'),
(163, 9, 11, 'LOT260400021', '12;19;63;82;89', 1, 1, 1, '400.00', 0, NULL, '0.00', 0, 'drawn', '2026-04-20 01:36:49.441246'),
(164, 9, 11, 'LOT260400022', '33;58;73;83;89', 1, 1, 1, '400.00', 0, NULL, '0.00', 0, 'drawn', '2026-04-20 01:36:49.441360'),
(165, 9, 11, 'LOT260400023', '15;31;57;64;80', 1, 1, 1, '400.00', 0, NULL, '0.00', 0, 'drawn', '2026-04-20 01:36:49.441536'),
(166, 9, 11, 'LOT260400024', '3;10;13;27;75', 1, 1, 1, '400.00', 0, NULL, '0.00', 0, 'drawn', '2026-04-20 01:36:49.441662'),
(167, 9, 11, 'LOT260400025', '27;35;75;81;89', 1, 1, 1, '400.00', 1, NULL, '0.00', 0, 'drawn', '2026-04-20 01:36:49.441800'),
(168, 9, 11, 'LOT260400026', '10;51;64;69;73', 1, 1, 1, '400.00', 0, NULL, '0.00', 0, 'drawn', '2026-04-20 01:36:49.441911'),
(169, 9, 11, 'LOT260400027', '32;51;58;74;90', 1, 1, 1, '400.00', 0, NULL, '0.00', 0, 'drawn', '2026-04-20 01:36:49.441997'),
(170, 9, 11, 'LOT260400028', '2;26;56;59;60', 1, 1, 1, '400.00', 0, NULL, '0.00', 0, 'drawn', '2026-04-20 01:36:49.442128'),
(171, 9, 11, 'LOT260400029', '11;25;69;81;90', 1, 1, 1, '400.00', 0, NULL, '0.00', 0, 'drawn', '2026-04-20 01:36:49.442385'),
(172, 9, 3, 'LOT260400030', '1;8;12;22;23;30;39;57;63;76', 1, 1, 0, '1750.00', NULL, NULL, '0.00', 0, 'active', '2026-04-20 18:23:17.027383'),
(173, 9, 3, 'LOT260400031', '5;7;15;16;19;24;30;31;32;33', 1, 1, 0, '1750.00', NULL, NULL, '0.00', 0, 'active', '2026-04-20 18:23:17.058695'),
(174, 9, 3, 'LOT260400032', '3;7;18;23;26;28;50;54;62;79', 1, 1, 0, '1750.00', NULL, NULL, '0.00', 0, 'active', '2026-04-20 18:23:17.060827'),
(175, 9, 3, 'LOT260400033', '3;17;19;44;45;55;56;61;64;66', 1, 1, 0, '1750.00', NULL, NULL, '0.00', 0, 'active', '2026-04-20 18:23:17.061011'),
(176, 9, 3, 'LOT260400034', '14;26;27;40;41;44;46;61;75;80', 1, 1, 0, '1750.00', NULL, NULL, '0.00', 0, 'active', '2026-04-20 18:23:17.061164'),
(177, 9, 3, 'LOT260400035', '1;7;16;23;26;40;45;47;63;69', 1, 1, 0, '1750.00', NULL, NULL, '0.00', 0, 'active', '2026-04-20 18:23:17.061296'),
(178, 9, 6, 'LOT260400036', '497090', 1, 1, 0, '300.00', NULL, NULL, '0.00', 0, 'active', '2026-04-20 18:23:17.061413'),
(179, 9, 6, 'LOT260400037', '916039', 1, 1, 0, '300.00', NULL, NULL, '0.00', 0, 'active', '2026-04-20 18:23:17.061532'),
(180, 9, 6, 'LOT260400038', '480158', 1, 1, 0, '300.00', NULL, NULL, '0.00', 0, 'active', '2026-04-20 18:23:17.061609'),
(181, 9, 3, 'LOT260400039', '3;12;19;23;44;46;50;53;75;78', 1, 1, 0, '1750.00', NULL, NULL, '0.00', 0, 'active', '2026-04-20 18:23:23.729891'),
(182, 9, 3, 'LOT260400040', '2;7;11;21;22;23;24;50;54;66', 1, 1, 0, '1750.00', NULL, NULL, '0.00', 0, 'active', '2026-04-20 18:23:38.479404'),
(183, 9, 3, 'LOT260400041', '1;7;24;28;35;52;54;62;72;80', 1, 1, 0, '1750.00', NULL, NULL, '0.00', 0, 'active', '2026-04-20 18:23:38.479632'),
(184, 24, 1, 'LOT260400042', '14;16;25;36;38', 1, 1, 0, '400.00', NULL, NULL, '0.00', 0, 'active', '2026-04-20 21:36:42.427549'),
(185, 24, 1, 'LOT260400043', '17;27;31;35;43', 1, 1, 0, '400.00', NULL, NULL, '0.00', 0, 'active', '2026-04-20 21:36:42.436299'),
(186, 9, 1, 'LOT260400044', '1;2;3;4;5', 1, 1, 0, '400.00', NULL, NULL, '0.00', 0, 'active', '2026-04-21 19:02:59.393549'),
(187, 9, 12, 'LOT260400045', '1;2;3;4;5;6', 1, 1, 0, '400.00', 5, NULL, '150000.00', 1, 'drawn', '2026-04-21 19:03:59.530590'),
(188, 9, 14, 'LOT260400046', '1;2;3;4;5;6', 1, 1, 0, '400.00', 6, NULL, '3000000.00', 1, 'drawn', '2026-04-21 19:11:58.607989'),
(189, 9, 1, 'LOT260400047', '11;19;23;29;34', 1, 1, 0, '400.00', NULL, NULL, '0.00', 0, 'active', '2026-04-21 19:37:07.355676'),
(190, 9, 1, 'LOT260400048', '9;42;49;55;75', 1, 1, 0, '400.00', NULL, NULL, '0.00', 0, 'active', '2026-04-21 19:40:27.557859'),
(191, 9, 1, 'LOT260400049', '7;13;15;42;77', 1, 1, 0, '400.00', NULL, NULL, '0.00', 0, 'active', '2026-04-21 19:40:51.284916'),
(192, 9, 1, 'LOT260400050', '25;31;37;46;73', 1, 1, 0, '400.00', NULL, NULL, '0.00', 0, 'active', '2026-04-21 19:53:48.993732'),
(193, 9, 1, 'LOT260400051', '4;13;19;30;74', 1, 1, 0, '400.00', NULL, NULL, '0.00', 0, 'active', '2026-04-21 19:56:33.074204'),
(194, 9, 1, 'LOT260400052', '1;2;15;16;24', 1, 1, 0, '400.00', NULL, NULL, '0.00', 0, 'active', '2026-04-21 19:57:19.724692'),
(195, 9, 1, 'LOT260400053', '1;13;25;27;37', 1, 1, 0, '400.00', NULL, NULL, '0.00', 0, 'active', '2026-04-21 19:57:40.050634'),
(196, 9, 1, 'LOT260400054', '9;31;50;60;65', 1, 1, 0, '400.00', NULL, NULL, '0.00', 0, 'active', '2026-04-21 20:01:29.523623'),
(197, 9, 1, 'LOT260400055', '15;49;53;69;80', 1, 1, 0, '400.00', NULL, NULL, '0.00', 0, 'active', '2026-04-21 20:02:36.417683'),
(198, 9, 1, 'LOT260400056', '7;26;30;44;68', 1, 1, 0, '400.00', NULL, NULL, '0.00', 0, 'active', '2026-04-21 20:09:29.341328'),
(199, 9, 1, 'LOT260400057', '15;27;47;53;89', 1, 1, 0, '400.00', NULL, NULL, '0.00', 0, 'active', '2026-04-21 18:24:36.757854'),
(200, 9, 1, 'LOT260400058', '46;57;59;66;79', 1, 1, 0, '400.00', NULL, NULL, '0.00', 0, 'active', '2026-04-21 18:25:32.970244'),
(201, 9, 6, 'LOT260400059', '784602', 1, 1, 0, '300.00', NULL, NULL, '0.00', 0, 'active', '2026-04-21 18:25:57.178204'),
(202, 9, 1, 'LOT260400060', '8;16;56;70;71', 1, 1, 0, '400.00', NULL, NULL, '0.00', 0, 'active', '2026-04-21 18:30:35.131479'),
(203, 9, 1, 'LOT260400061', '1;10;16;17;38', 1, 1, 0, '400.00', NULL, NULL, '0.00', 0, 'active', '2026-04-21 18:30:39.546289'),
(204, 9, 1, 'LOT260400062', '3;4;16;26;77', 1, 1, 0, '400.00', NULL, NULL, '0.00', 0, 'active', '2026-04-21 18:33:57.798588'),
(205, 23, 6, 'LOT260400063', '000800', 1, 1, 0, '300.00', NULL, NULL, '0.00', 0, 'active', '2026-04-21 18:35:06.276125'),
(206, 23, 6, 'LOT260400064', '753113', 1, 1, 0, '300.00', NULL, NULL, '0.00', 0, 'active', '2026-04-21 18:37:08.595568'),
(207, 23, 6, 'LOT260400065', '334702', 1, 1, 0, '300.00', NULL, NULL, '0.00', 0, 'active', '2026-04-21 18:37:08.595751'),
(208, 23, 6, 'LOT260400066', '322314', 1, 1, 0, '300.00', NULL, NULL, '0.00', 0, 'active', '2026-04-21 18:37:08.595842'),
(209, 23, 6, 'LOT260400067', '777209', 1, 1, 0, '300.00', NULL, NULL, '0.00', 0, 'active', '2026-04-21 18:42:52.504928'),
(210, 23, 6, 'LOT260400068', '692545', 1, 1, 0, '300.00', NULL, NULL, '0.00', 0, 'active', '2026-04-21 18:42:52.595501'),
(211, 23, 6, 'LOT260400069', '148188', 1, 1, 0, '300.00', NULL, NULL, '0.00', 0, 'active', '2026-04-21 18:42:52.597376'),
(212, 23, 6, 'LOT260400070', '063320', 1, 1, 0, '300.00', NULL, NULL, '0.00', 0, 'active', '2026-04-21 18:51:31.344132'),
(213, 23, 6, 'LOT260400071', '944739', 1, 1, 0, '300.00', NULL, NULL, '0.00', 0, 'active', '2026-04-21 18:51:31.376227'),
(214, 23, 6, 'LOT260400072', '382029', 1, 1, 0, '300.00', NULL, NULL, '0.00', 0, 'active', '2026-04-21 18:51:31.377214'),
(215, 23, 6, 'LOT260400073', '834608', 1, 1, 0, '300.00', NULL, NULL, '0.00', 0, 'active', '2026-04-21 18:54:07.773407'),
(216, 9, 6, 'LOT260400074', '054936', 1, 1, 0, '300.00', NULL, NULL, '0.00', 0, 'active', '2026-04-21 19:58:52.819286'),
(217, 9, 6, 'LOT260400075', '854410', 1, 1, 0, '300.00', NULL, NULL, '0.00', 0, 'active', '2026-04-21 19:58:52.845453'),
(218, 9, 6, 'LOT260400076', '495526', 1, 1, 0, '300.00', NULL, NULL, '0.00', 0, 'active', '2026-04-21 19:58:52.846602'),
(219, 9, 1, 'LOT260400077', '1;2;7;8;42', 1, 1, 0, '400.00', NULL, NULL, '0.00', 0, 'active', '2026-04-22 19:40:26.162345'),
(220, 9, 6, 'LOT260400078', '559263', 1, 1, 0, '300.00', NULL, NULL, '0.00', 0, 'active', '2026-04-22 19:47:55.973084'),
(221, 9, 6, 'LOT260400079', '928994', 1, 1, 0, '300.00', NULL, NULL, '0.00', 0, 'active', '2026-04-22 21:49:00.086587'),
(222, 9, 13, 'LOT260400080', '1;2;3;4;5;6;7', 1, 1, 0, '400.00', 7, NULL, '99999999.99', 1, 'drawn', '2026-04-23 00:06:26.615006'),
(223, 23, 1, 'LOT260400081', '1;2;3;4;5;6;7', 1, 1, 0, '400.00', NULL, NULL, '0.00', 0, 'active', '2026-04-23 00:09:39.934254'),
(224, 23, 18, 'LOT260400082', '1;2;3;4;5;6;7', 1, 1, 0, '400.00', 7, NULL, '99999999.99', 1, 'drawn', '2026-04-23 00:10:33.219737'),
(225, 9, 6, 'LOT260400083', '154787', 1, 1, 0, '300.00', NULL, NULL, '0.00', 0, 'active', '2026-04-23 00:40:16.098376'),
(226, 9, 6, 'LOT260400084', '204048', 1, 1, 0, '300.00', NULL, NULL, '0.00', 0, 'active', '2026-04-23 00:41:41.513542'),
(227, 9, 6, 'LOT260400085', '887046', 1, 1, 0, '300.00', NULL, NULL, '0.00', 0, 'active', '2026-04-23 00:41:56.375157'),
(228, 9, 6, 'LOT260400086', '455196', 1, 1, 0, '300.00', NULL, NULL, '0.00', 0, 'active', '2026-04-23 00:41:56.375429'),
(229, 9, 6, 'LOT260400087', '802937', 1, 1, 0, '300.00', NULL, NULL, '0.00', 0, 'active', '2026-04-23 00:41:56.375565'),
(230, 9, 6, 'LOT260400088', '673762', 1, 1, 0, '300.00', NULL, NULL, '0.00', 0, 'active', '2026-04-23 00:42:29.453067'),
(231, 9, 6, 'LOT260400089', '020267', 1, 1, 0, '300.00', NULL, NULL, '0.00', 0, 'active', '2026-04-23 00:42:29.453325'),
(232, 9, 6, 'LOT260400090', '753874', 1, 1, 0, '300.00', NULL, NULL, '0.00', 0, 'active', '2026-04-23 00:42:29.453400'),
(233, 9, 1, 'LOT260400091', '16;35;61;73;82', 1, 1, 0, '400.00', NULL, NULL, '0.00', 0, 'active', '2026-04-23 00:42:29.453497'),
(234, 9, 1, 'LOT260400092', '1;8;28;44;51', 1, 1, 0, '400.00', NULL, NULL, '0.00', 0, 'active', '2026-04-23 00:42:29.453569'),
(235, 9, 1, 'LOT260400093', '47;53;75;77;88', 1, 1, 0, '400.00', NULL, NULL, '0.00', 0, 'active', '2026-04-23 00:42:29.453649'),
(236, 9, 1, 'LOT260400094', '4;14;20;32;45', 1, 1, 0, '400.00', NULL, NULL, '0.00', 0, 'active', '2026-04-23 00:42:29.453730'),
(237, 9, 1, 'LOT260400095', '1;18;32;38;55', 1, 1, 0, '400.00', NULL, NULL, '0.00', 0, 'active', '2026-04-23 00:42:29.453831'),
(238, 9, 1, 'LOT260400096', '3;8;13;15;70', 1, 1, 0, '400.00', NULL, NULL, '0.00', 0, 'active', '2026-04-23 00:42:29.453910'),
(239, 9, 17, 'LOT260400097', '1;5;7;10;22;24;33;59;77;79', 1, 1, 0, '1750.00', NULL, NULL, '0.00', 0, 'active', '2026-04-23 00:42:29.453991'),
(240, 9, 17, 'LOT260400098', '43;46;57;63;66;68;73;74;78;79', 1, 1, 0, '1750.00', NULL, NULL, '0.00', 0, 'active', '2026-04-23 00:42:29.454065'),
(241, 9, 6, 'LOT260400099', '751576', 1, 1, 0, '300.00', NULL, NULL, '0.00', 0, 'active', '2026-04-23 00:45:17.019871'),
(242, 9, 6, 'LOT260400100', '691982', 1, 1, 0, '300.00', NULL, NULL, '0.00', 0, 'active', '2026-04-23 00:45:44.543104'),
(243, 9, 6, 'LOT260400101', '361358', 1, 1, 0, '300.00', NULL, NULL, '0.00', 0, 'active', '2026-04-23 00:49:09.310567'),
(244, 9, 6, 'LOT260400102', '775707', 1, 1, 0, '300.00', NULL, NULL, '0.00', 0, 'active', '2026-04-23 00:49:27.720177'),
(245, 9, 6, 'LOT260400103', '464678', 1, 1, 0, '300.00', NULL, NULL, '0.00', 0, 'active', '2026-04-23 00:49:27.721263'),
(246, 9, 6, 'LOT260400104', '214849', 1, 1, 0, '300.00', NULL, NULL, '0.00', 0, 'active', '2026-04-23 00:49:27.721351'),
(247, 9, 6, 'LOT260400105', '746963', 1, 1, 0, '300.00', NULL, NULL, '0.00', 0, 'active', '2026-04-23 00:55:20.053722'),
(248, 9, 6, 'LOT260400106', '281580', 1, 1, 0, '300.00', NULL, NULL, '0.00', 0, 'active', '2026-04-23 00:56:11.574565');

-- --------------------------------------------------------

--
-- Tábla szerkezet ehhez a táblához `roles`
--

CREATE TABLE `roles` (
  `Id` tinyint(3) UNSIGNED NOT NULL,
  `RoleName` longtext NOT NULL,
  `Description` longtext DEFAULT NULL
) ENGINE=InnoDB DEFAULT CHARSET=utf8mb4;

--
-- A tábla adatainak kiíratása `roles`
--

INSERT INTO `roles` (`Id`, `RoleName`, `Description`) VALUES
(1, 'user', NULL),
(2, 'admin', NULL);

-- --------------------------------------------------------

--
-- Tábla szerkezet ehhez a táblához `systemsettings`
--

CREATE TABLE `systemsettings` (
  `Key` varchar(255) NOT NULL,
  `Value` longtext NOT NULL,
  `UpdatedAt` datetime(6) NOT NULL
) ENGINE=InnoDB DEFAULT CHARSET=utf8mb4;

--
-- A tábla adatainak kiíratása `systemsettings`
--

INSERT INTO `systemsettings` (`Key`, `Value`, `UpdatedAt`) VALUES
('draw_locked', 'false', '2026-04-23 01:04:53.613888');

-- --------------------------------------------------------

--
-- Tábla szerkezet ehhez a táblához `transactions`
--

CREATE TABLE `transactions` (
  `Id` bigint(20) NOT NULL,
  `UserId` bigint(20) NOT NULL,
  `Type` longtext NOT NULL,
  `Amount` decimal(10,2) NOT NULL,
  `BalanceBefore` decimal(10,2) NOT NULL,
  `BalanceAfter` decimal(10,2) NOT NULL,
  `TicketId` bigint(20) DEFAULT NULL,
  `Description` longtext DEFAULT NULL,
  `CreatedAt` datetime(6) NOT NULL
) ENGINE=InnoDB DEFAULT CHARSET=utf8mb4;

--
-- A tábla adatainak kiíratása `transactions`
--

INSERT INTO `transactions` (`Id`, `UserId`, `Type`, `Amount`, `BalanceBefore`, `BalanceAfter`, `TicketId`, `Description`, `CreatedAt`) VALUES
(1, 9, 'ticket_purchase', '-400.00', '100000.00', '99600.00', NULL, 'Szelvény: LOT260300001', '2026-03-11 16:39:35.549785'),
(2, 9, 'ticket_purchase', '-300.00', '99600.00', '99300.00', NULL, 'Szelvény: LOT260300002', '2026-03-11 16:39:45.706682'),
(3, 9, 'ticket_purchase', '-200.00', '99300.00', '99100.00', NULL, 'Szelvény: LOT260300003', '2026-03-11 16:39:51.410270'),
(4, 9, 'ticket_purchase', '-400.00', '99100.00', '98700.00', NULL, 'Szelvény: LOT260300004', '2026-03-11 17:11:17.987882'),
(5, 9, 'ticket_purchase', '-300.00', '98700.00', '98400.00', NULL, 'Szelvény: LOT260300005', '2026-03-11 17:19:21.558210'),
(6, 9, 'ticket_purchase', '-200.00', '98400.00', '98200.00', NULL, 'Szelvény: LOT260300006', '2026-03-11 17:19:27.883742'),
(7, 9, 'ticket_purchase', '-400.00', '98200.00', '97800.00', NULL, 'Szelvény: LOT260300007 (1 mező)', '2026-03-11 18:12:45.013545'),
(8, 9, 'ticket_purchase', '-400.00', '97800.00', '97400.00', NULL, 'Szelvény: LOT260300008 (1 mező)', '2026-03-11 18:17:02.709320'),
(9, 9, 'demo_topup', '1000.00', '97400.00', '98400.00', NULL, 'Demo feltöltés: +1000 Ft', '2026-03-16 19:53:23.716965'),
(10, 9, 'demo_topup', '10000.00', '98400.00', '108400.00', NULL, 'Demo feltöltés: +10000 Ft', '2026-03-23 23:18:03.383734'),
(11, 9, 'ticket_purchase', '-400.00', '108400.00', '108000.00', NULL, 'Szelvény: LOT260300009', '2026-03-23 23:34:58.252999'),
(12, 9, 'ticket_purchase', '-800.00', '108000.00', '107200.00', NULL, 'Szelvény: LOT260300010', '2026-03-23 23:35:49.043134'),
(13, 9, 'ticket_purchase', '-1200.00', '107200.00', '106000.00', NULL, 'Szelvény: LOT260300011', '2026-03-23 23:36:00.709692'),
(14, 9, 'ticket_purchase', '-500.00', '106000.00', '105500.00', NULL, '1 szelvény vásárlása', '2026-04-04 08:23:02.201327'),
(15, 9, 'ticket_purchase', '-650.00', '105500.00', '104850.00', NULL, '1 szelvény vásárlása', '2026-04-04 08:23:46.155476'),
(16, 9, 'ticket_purchase', '-800.00', '104850.00', '104050.00', NULL, '1 szelvény vásárlása', '2026-04-04 08:24:10.334639'),
(17, 15, 'ticket_purchase', '-800.00', '10000.00', '9200.00', NULL, '1 szelvény vásárlása', '2026-04-04 08:25:34.649930'),
(18, 15, 'ticket_purchase', '-300.00', '9200.00', '8900.00', NULL, '1 szelvény vásárlása', '2026-04-04 08:30:47.402870'),
(19, 15, 'ticket_purchase', '-600.00', '8900.00', '8300.00', NULL, '2 szelvény vásárlása', '2026-04-04 08:35:34.757731'),
(20, 15, 'ticket_purchase', '-700.00', '8300.00', '7600.00', NULL, '2 szelvény vásárlása', '2026-04-04 08:35:58.532047'),
(21, 15, 'ticket_purchase', '-400.00', '7600.00', '7200.00', NULL, '1 szelvény vásárlása', '2026-04-04 08:49:56.295619'),
(22, 15, 'ticket_purchase', '-300.00', '7200.00', '6900.00', NULL, '1 szelvény vásárlása', '2026-04-04 08:50:11.486800'),
(23, 15, 'ticket_purchase', '-200.00', '6900.00', '6700.00', NULL, '1 szelvény vásárlása', '2026-04-04 08:50:26.065735'),
(24, 15, 'ticket_purchase', '-450.00', '6700.00', '6250.00', NULL, '1 szelvény vásárlása', '2026-04-04 08:50:40.754279'),
(25, 15, 'ticket_purchase', '-800.00', '6250.00', '5450.00', NULL, '1 szelvény vásárlása', '2026-04-04 08:50:58.588065'),
(26, 15, 'ticket_purchase', '-600.00', '5450.00', '4850.00', NULL, '2 szelvény vásárlása', '2026-04-04 08:51:11.519552'),
(27, 15, 'ticket_purchase', '-600.00', '4850.00', '4250.00', NULL, '2 szelvény vásárlása', '2026-04-04 08:52:50.088588'),
(28, 15, 'ticket_purchase', '-500.00', '4250.00', '3750.00', NULL, '2 szelvény vásárlása', '2026-04-04 08:53:15.112869'),
(29, 15, 'ticket_purchase', '-1650.00', '3750.00', '2100.00', NULL, '3 szelvény vásárlása', '2026-04-04 08:53:47.246246'),
(30, 12, 'ticket_purchase', '-1300.00', '10000.00', '8700.00', NULL, '4 szelvény vásárlása', '2026-04-05 17:29:06.570312'),
(31, 12, 'ticket_purchase', '-1200.00', '8700.00', '7500.00', NULL, '3 szelvény vásárlása', '2026-04-05 17:50:45.060130'),
(32, 12, 'ticket_purchase', '-1300.00', '7500.00', '6200.00', NULL, '4 szelvény vásárlása', '2026-04-05 17:58:31.204580'),
(33, 12, 'ticket_purchase', '-400.00', '6200.00', '5800.00', NULL, '1 szelvény vásárlása', '2026-04-05 18:05:18.788784'),
(34, 12, 'ticket_purchase', '-800.00', '5800.00', '5000.00', NULL, '2 szelvény vásárlása', '2026-04-05 18:05:39.104838'),
(35, 12, 'ticket_purchase', '-800.00', '5000.00', '4200.00', NULL, '2 szelvény vásárlása', '2026-04-05 18:10:38.556597'),
(36, 12, 'ticket_purchase', '-1700.00', '4200.00', '2500.00', NULL, '5 szelvény vásárlása', '2026-04-05 18:11:23.072570'),
(37, 9, 'demo_topup', '100000.00', '104050.00', '204050.00', NULL, 'Demo feltöltés: +100000 Ft', '2026-04-05 18:49:07.238245'),
(38, 12, 'ticket_purchase', '-1300.00', '2500.00', '1200.00', NULL, '4 szelvény vásárlása', '2026-04-05 18:49:47.468749'),
(39, 12, 'deposit', '10000.00', '1200.00', '11200.00', NULL, 'Egyenleg feltöltés: +10 000 Ft', '2026-04-05 21:51:14.196047'),
(40, 9, 'deposit', '200000.00', '204050.00', '404050.00', NULL, 'Egyenleg feltöltés: +200 000 Ft', '2026-04-05 21:52:11.666785'),
(41, 9, 'deposit', '1000.00', '404050.00', '405050.00', NULL, 'Egyenleg feltöltés: +1 000 Ft', '2026-04-06 16:57:31.439810'),
(42, 9, 'deposit', '1000.00', '405050.00', '406050.00', NULL, 'Egyenleg feltöltés: +1 000 Ft', '2026-04-06 16:58:18.797629'),
(43, 9, 'deposit', '5000.00', '406050.00', '411050.00', NULL, 'Egyenleg feltöltés: +5 000 Ft', '2026-04-06 17:00:11.558492'),
(44, 9, 'deposit', '5000.00', '411050.00', '416050.00', NULL, 'Egyenleg feltöltés: +5 000 Ft', '2026-04-06 17:15:24.049932'),
(45, 9, 'deposit', '2000.00', '416050.00', '418050.00', NULL, 'Egyenleg feltöltés: +2 000 Ft', '2026-04-06 17:15:37.005813'),
(46, 9, 'ticket_purchase', '-3300.00', '418050.00', '414750.00', NULL, '9 szelvény vásárlása', '2026-04-06 17:16:24.008909'),
(47, 9, 'deposit', '101.00', '414750.00', '414851.00', NULL, 'Egyenleg feltöltés: +101 Ft', '2026-04-06 17:26:29.169827'),
(48, 9, 'deposit', '1000.00', '414851.00', '415851.00', NULL, 'Egyenleg feltöltés: +1 000 Ft', '2026-04-06 17:26:57.451141'),
(49, 9, 'deposit', '1000.00', '415851.00', '416851.00', NULL, 'Egyenleg feltöltés: +1 000 Ft', '2026-04-06 17:30:37.607411'),
(50, 9, 'deposit', '1000.00', '416851.00', '417851.00', NULL, 'Egyenleg feltöltés: +1 000 Ft', '2026-04-06 17:31:46.056235'),
(51, 9, 'deposit', '1000.00', '417851.00', '418851.00', NULL, 'Egyenleg feltöltés: +1 000 Ft', '2026-04-06 17:35:22.499495'),
(52, 9, 'deposit', '1000.00', '418851.00', '419851.00', NULL, 'Egyenleg feltöltés: +1 000 Ft', '2026-04-06 17:39:56.586748'),
(53, 9, 'deposit', '1000.00', '419851.00', '420851.00', NULL, 'Egyenleg feltöltés: +1 000 Ft', '2026-04-06 17:45:07.475256'),
(54, 9, 'deposit', '5000.00', '420851.00', '425851.00', NULL, 'Egyenleg feltöltés: +5 000 Ft', '2026-04-06 17:57:03.945962'),
(55, 12, 'deposit', '10000.00', '11200.00', '21200.00', NULL, 'Egyenleg feltöltés: +10 000 Ft', '2026-04-06 17:57:30.614083'),
(56, 12, 'ticket_purchase', '-6900.00', '21200.00', '14300.00', NULL, '18 szelvény vásárlása', '2026-04-06 18:00:02.198486'),
(57, 9, 'deposit', '2000.00', '425851.00', '427851.00', NULL, 'Egyenleg feltöltés: +2 000 Ft', '2026-04-06 23:13:58.946166'),
(58, 15, 'admin_topup', '10000.00', '2100.00', '12100.00', NULL, 'Admin feltöltés (admin: 9): +10 000 Ft', '2026-04-06 23:31:57.429508'),
(59, 9, 'admin_topup', '5000.00', '427851.00', '432851.00', NULL, 'Admin feltöltés (admin: 9): +5 000 Ft', '2026-04-06 23:32:14.116887'),
(60, 15, 'admin_topup', '5000.00', '12100.00', '17100.00', NULL, 'Admin feltöltés (admin: 9): +5 000 Ft', '2026-04-07 07:08:59.355070'),
(61, 16, 'deposit', '20000.00', '10000.00', '30000.00', NULL, 'Egyenleg feltöltés: +20 000 Ft', '2026-04-07 09:22:25.603345'),
(62, 16, 'ticket_purchase', '-3300.00', '30000.00', '26700.00', NULL, '9 szelvény vásárlása', '2026-04-07 09:33:42.455601'),
(63, 16, 'ticket_purchase', '-400.00', '26700.00', '26300.00', NULL, '1 szelvény vásárlása', '2026-04-07 16:19:17.834993'),
(64, 9, 'ticket_purchase', '-800.00', '432851.00', '432051.00', NULL, '2 szelvény vásárlása', '2026-04-07 16:27:41.760029'),
(65, 9, 'deposit', '1000.00', '432051.00', '433051.00', NULL, 'Egyenleg feltöltés: +1 000 Ft', '2026-04-07 16:32:00.530623'),
(66, 9, 'ticket_purchase', '-400.00', '433051.00', '432651.00', NULL, '1 szelvény vásárlása', '2026-04-07 16:55:50.844766'),
(67, 9, 'ticket_purchase', '-2000.00', '432651.00', '430651.00', NULL, '5 szelvény vásárlása', '2026-04-10 20:39:54.786035'),
(68, 12, 'deposit', '5000.00', '14300.00', '19300.00', NULL, 'Egyenleg feltöltés: +5 000 Ft', '2026-04-10 20:58:45.199537'),
(69, 9, 'ticket_purchase', '-400.00', '430651.00', '430251.00', NULL, '1 szelvény vásárlása', '2026-04-14 00:06:15.928088'),
(70, 9, 'deposit', '1000.00', '430251.00', '431251.00', NULL, 'Egyenleg feltöltés: +1 000 Ft', '2026-04-16 18:43:16.763817'),
(71, 18, 'deposit', '20000.00', '10000.00', '30000.00', NULL, 'Egyenleg feltöltés: +20 000 Ft', '2026-04-16 18:45:14.349637'),
(72, 23, 'ticket_purchase', '-1000.00', '10000.00', '9000.00', NULL, '2 szelvény vásárlása', '2026-04-19 10:08:50.377671'),
(73, 9, 'ticket_purchase', '-1750.00', '431251.00', '429501.00', NULL, '1 szelvény vásárlása', '2026-04-19 10:53:41.747400'),
(74, 9, 'ticket_purchase', '-11400.00', '429501.00', '418101.00', NULL, '9 szelvény vásárlása', '2026-04-19 12:09:52.773836'),
(75, 9, 'ticket_purchase', '-6400.00', '418101.00', '411701.00', NULL, '16 szelvény vásárlása', '2026-04-19 23:36:49.443498'),
(76, 9, 'ticket_purchase', '-11400.00', '411701.00', '400301.00', NULL, '9 szelvény vásárlása', '2026-04-20 16:23:17.062591'),
(77, 9, 'ticket_purchase', '-1750.00', '400301.00', '398551.00', NULL, '1 szelvény vásárlása', '2026-04-20 16:23:23.730111'),
(78, 9, 'ticket_purchase', '-3500.00', '398551.00', '395051.00', NULL, '2 szelvény vásárlása', '2026-04-20 16:23:38.479717'),
(79, 23, 'deposit', '20000.00', '9000.00', '29000.00', NULL, 'Egyenleg feltöltés: +20 000 Ft', '2026-04-20 19:34:27.169898'),
(80, 24, 'ticket_purchase', '-800.00', '10000.00', '9200.00', NULL, '2 szelvény vásárlása', '2026-04-20 19:36:42.437251'),
(81, 24, 'deposit', '1000.00', '9200.00', '10200.00', NULL, 'Egyenleg feltöltés: +1 000 Ft', '2026-04-20 19:39:02.449625'),
(82, 9, 'ticket_purchase', '-400.00', '395051.00', '394651.00', NULL, '1 szelvény vásárlása', '2026-04-21 17:02:59.400011'),
(83, 9, 'ticket_purchase', '-400.00', '394651.00', '394251.00', NULL, '1 szelvény vásárlása', '2026-04-21 17:03:59.531566'),
(84, 9, 'win_payout', '150000.00', '394251.00', '544251.00', 187, 'Nyeremény: LOT260400045 (Lottery6)', '2026-04-21 17:04:09.122021'),
(85, 9, 'ticket_purchase', '-400.00', '544251.00', '543851.00', NULL, '1 szelvény vásárlása', '2026-04-21 17:11:58.623316'),
(86, 9, 'win_payout', '3000000.00', '543851.00', '3543851.00', 188, 'Nyeremény: LOT260400046 (Lottery6)', '2026-04-21 17:12:20.086972'),
(87, 9, 'ticket_purchase', '-400.00', '3543851.00', '3543451.00', NULL, '1 szelvény vásárlása', '2026-04-21 17:37:07.395414'),
(88, 9, 'ticket_purchase', '-400.00', '3543451.00', '3543051.00', NULL, '1 szelvény vásárlása', '2026-04-21 17:40:27.586583'),
(89, 9, 'ticket_purchase', '-400.00', '3543051.00', '3542651.00', NULL, '1 szelvény vásárlása', '2026-04-21 17:40:51.286638'),
(90, 9, 'ticket_purchase', '-400.00', '3542651.00', '3542251.00', NULL, '1 szelvény vásárlása', '2026-04-21 17:53:49.023880'),
(91, 9, 'ticket_purchase', '-400.00', '3542251.00', '3541851.00', NULL, '1 szelvény vásárlása', '2026-04-21 17:56:33.075311'),
(92, 9, 'ticket_purchase', '-400.00', '3541851.00', '3541451.00', NULL, '1 szelvény vásárlása', '2026-04-21 17:57:19.724939'),
(93, 9, 'ticket_purchase', '-400.00', '3541451.00', '3541051.00', NULL, '1 szelvény vásárlása', '2026-04-21 17:57:40.050865'),
(94, 9, 'ticket_purchase', '-400.00', '3541051.00', '3540651.00', NULL, '1 szelvény vásárlása', '2026-04-21 18:01:29.626470'),
(95, 9, 'ticket_purchase', '-400.00', '3541051.00', '3540651.00', NULL, '1 szelvény vásárlása', '2026-04-21 18:02:36.419144'),
(96, 9, 'ticket_purchase', '-400.00', '3541051.00', '3540651.00', NULL, '1 szelvény vásárlása', '2026-04-21 18:09:29.438840'),
(97, 9, 'ticket_purchase', '-400.00', '3541051.00', '3540651.00', NULL, '1 szelvény vásárlása', '2026-04-21 18:24:36.856412'),
(98, 9, 'ticket_purchase', '-400.00', '3541051.00', '3540651.00', NULL, '1 szelvény vásárlása', '2026-04-21 18:25:32.971394'),
(99, 9, 'ticket_purchase', '-300.00', '3541051.00', '3540751.00', NULL, '1 szelvény vásárlása', '2026-04-21 18:25:57.178512'),
(100, 9, 'ticket_purchase', '-400.00', '3541051.00', '3540651.00', NULL, '1 szelvény vásárlása', '2026-04-21 18:30:35.234713'),
(101, 9, 'ticket_purchase', '-400.00', '3541051.00', '3540651.00', NULL, '1 szelvény vásárlása', '2026-04-21 18:30:39.547411'),
(102, 9, 'ticket_purchase', '-400.00', '3541051.00', '3540651.00', NULL, '1 szelvény vásárlása', '2026-04-21 18:33:57.831286'),
(103, 23, 'ticket_purchase', '-300.00', '29000.00', '28700.00', NULL, '1 szelvény vásárlása', '2026-04-21 18:35:06.277308'),
(104, 23, 'ticket_purchase', '-900.00', '28700.00', '27800.00', NULL, '3 szelvény vásárlása', '2026-04-21 18:37:08.595995'),
(105, 23, 'ticket_purchase', '-900.00', '27800.00', '26900.00', NULL, '3 szelvény vásárlása', '2026-04-21 18:42:52.598352'),
(106, 23, 'ticket_purchase', '-900.00', '27800.00', '26900.00', NULL, '3 szelvény vásárlása', '2026-04-21 18:51:31.378106'),
(107, 23, 'ticket_purchase', '-300.00', '26900.00', '26600.00', NULL, '1 szelvény vásárlása', '2026-04-21 18:54:07.773797'),
(108, 9, 'deposit', '2000.00', '3540651.00', '3542651.00', NULL, 'Egyenleg feltöltés: +2 000 Ft', '2026-04-21 19:23:48.134005'),
(109, 9, 'ticket_purchase', '-900.00', '3542651.00', '3541751.00', NULL, '3 szelvény vásárlása', '2026-04-21 19:58:52.847726'),
(110, 9, 'ticket_purchase', '-400.00', '3541751.00', '3541351.00', NULL, '1 szelvény vásárlása', '2026-04-22 19:40:26.185340'),
(111, 9, 'ticket_purchase', '-300.00', '3541351.00', '3541051.00', NULL, '1 szelvény vásárlása', '2026-04-22 19:47:56.004874'),
(112, 9, 'ticket_purchase', '-300.00', '3541051.00', '3540751.00', NULL, '1 szelvény vásárlása', '2026-04-22 21:49:00.136736'),
(113, 9, 'ticket_purchase', '-400.00', '3540751.00', '3540351.00', NULL, '1 szelvény vásárlása', '2026-04-23 00:06:26.643086'),
(114, 9, 'win_payout', '99999999.99', '3540351.00', '99999999.99', 222, 'Nyeremény: LOT260400080 (Scandinavian)', '2026-04-23 00:06:39.993588'),
(115, 23, 'ticket_purchase', '-400.00', '26600.00', '26200.00', NULL, '1 szelvény vásárlása', '2026-04-23 00:09:39.934564'),
(116, 23, 'ticket_purchase', '-400.00', '26200.00', '25800.00', NULL, '1 szelvény vásárlása', '2026-04-23 00:10:33.220117'),
(117, 23, 'win_payout', '99999999.99', '25800.00', '99999999.99', 224, 'Nyeremény: LOT260400082 (Scandinavian)', '2026-04-23 00:10:57.136778'),
(118, 9, 'ticket_purchase', '-300.00', '99999999.99', '99999699.99', NULL, '1 szelvény vásárlása', '2026-04-23 00:40:16.123530'),
(119, 9, 'ticket_purchase', '-300.00', '99999699.99', '99999399.99', NULL, '1 szelvény vásárlása', '2026-04-23 00:41:41.514605'),
(120, 9, 'ticket_purchase', '-900.00', '99999399.99', '99998499.99', NULL, '3 szelvény vásárlása', '2026-04-23 00:41:56.375732'),
(121, 9, 'ticket_purchase', '-6800.00', '99998499.99', '99991699.99', NULL, '11 szelvény vásárlása', '2026-04-23 00:42:29.454136'),
(122, 9, 'ticket_purchase', '-300.00', '99991699.99', '99991399.99', NULL, '1 szelvény vásárlása', '2026-04-23 00:45:17.020176'),
(123, 9, 'ticket_purchase', '-300.00', '99991399.99', '99991099.99', NULL, '1 szelvény vásárlása', '2026-04-23 00:45:44.543454'),
(124, 9, 'ticket_purchase', '-300.00', '99991099.99', '99990799.99', NULL, '1 szelvény vásárlása', '2026-04-23 00:49:09.334900'),
(125, 9, 'ticket_purchase', '-900.00', '99990799.99', '99989899.99', NULL, '3 szelvény vásárlása', '2026-04-23 00:49:27.721442'),
(126, 9, 'ticket_purchase', '-300.00', '99989899.99', '99989599.99', NULL, '1 szelvény vásárlása', '2026-04-23 00:55:20.053920'),
(127, 9, 'ticket_purchase', '-300.00', '99989599.99', '99989299.99', NULL, '1 szelvény vásárlása', '2026-04-23 00:56:11.574779');

-- --------------------------------------------------------

--
-- Tábla szerkezet ehhez a táblához `userroles`
--

CREATE TABLE `userroles` (
  `UserId` bigint(20) NOT NULL,
  `RoleId` tinyint(3) UNSIGNED NOT NULL,
  `AssignedAt` datetime(6) NOT NULL
) ENGINE=InnoDB DEFAULT CHARSET=utf8mb4;

--
-- A tábla adatainak kiíratása `userroles`
--

INSERT INTO `userroles` (`UserId`, `RoleId`, `AssignedAt`) VALUES
(7, 1, '2026-03-11 13:50:35.519473'),
(9, 2, '2026-03-11 17:25:14.000000'),
(10, 1, '2026-03-16 22:18:47.467546'),
(11, 1, '2026-03-16 22:33:11.743795'),
(12, 1, '2026-04-01 21:43:24.271081'),
(13, 1, '2026-04-02 20:40:18.471452'),
(14, 1, '2026-04-02 22:24:02.983273'),
(15, 1, '2026-04-04 07:51:53.975154'),
(16, 1, '2026-04-07 09:21:49.410513'),
(17, 1, '2026-04-10 23:28:15.518361'),
(18, 1, '2026-04-16 18:43:47.660885'),
(19, 1, '2026-04-16 18:56:54.034217'),
(20, 1, '2026-04-16 18:58:03.921079'),
(21, 1, '2026-04-16 19:10:46.494854'),
(22, 1, '2026-04-18 10:49:16.800099'),
(23, 1, '2026-04-19 09:31:46.293425'),
(24, 1, '2026-04-20 19:35:56.366484'),
(26, 1, '2026-04-20 21:27:02.100091'),
(27, 1, '2026-04-21 19:03:55.971491'),
(28, 1, '2026-04-21 20:31:51.523716');

-- --------------------------------------------------------

--
-- Tábla szerkezet ehhez a táblához `users`
--

CREATE TABLE `users` (
  `Id` bigint(20) NOT NULL,
  `Username` longtext NOT NULL,
  `Email` longtext NOT NULL,
  `PasswordHash` longtext NOT NULL,
  `Balance` decimal(16,2) NOT NULL,
  `IsActive` tinyint(1) NOT NULL,
  `LastLoginAt` datetime(6) DEFAULT NULL,
  `CreatedAt` datetime(6) NOT NULL,
  `UpdatedAt` datetime(6) NOT NULL,
  `EmailConfirmationToken` longtext DEFAULT NULL,
  `EmailConfirmed` tinyint(1) NOT NULL DEFAULT 0,
  `PasswordResetToken` longtext DEFAULT NULL,
  `PasswordResetExpires` datetime(6) DEFAULT NULL
) ENGINE=InnoDB DEFAULT CHARSET=utf8mb4;

--
-- A tábla adatainak kiíratása `users`
--

INSERT INTO `users` (`Id`, `Username`, `Email`, `PasswordHash`, `Balance`, `IsActive`, `LastLoginAt`, `CreatedAt`, `UpdatedAt`, `EmailConfirmationToken`, `EmailConfirmed`, `PasswordResetToken`, `PasswordResetExpires`) VALUES
(7, 'TesztElek', 'tesztelek@gmail.com', '$2a$11$h3yQr083qe06pPX111uXD.8RHAzJZQ42hIO3yETX.23ErDFF6k7B.', '100.00', 1, '2026-03-11 16:11:43.157882', '2026-03-11 13:50:34.922585', '2026-03-11 13:50:34.922585', NULL, 0, NULL, NULL),
(9, 'admin', 'admin@test.com', '$2b$11$S6OegkJsfA3r2tDr3fRYkOwSBHI6lqlPNCOSutll/m86NeQxulE52', '99989299.99', 1, '2026-04-23 01:03:54.688395', '2026-03-11 17:25:14.000000', '2026-04-04 07:58:04.197422', 'ec254bb8ee264cb1ad0569f4d5022b3a', 1, NULL, NULL),
(10, 'cica', 'cica123@gmail.com', '$2a$11$1ZHuqPIr59acnfTE2IQwwuDj3d1Pt/HLQ5Ft2p8rxrRlE2Po22.16', '10000.00', 1, '2026-03-16 22:19:05.046562', '2026-03-16 22:18:46.602220', '2026-03-16 22:18:46.602220', NULL, 1, NULL, NULL),
(11, 'kacsa', 'kacsa123@kacsa.com', '$2a$11$v8fyjd4FZOSLWUmlRG55P.n/a6.EZBG6sqdRIzI0YF.JI7J5Ec7hO', '10000.00', 1, '2026-03-16 22:33:25.714115', '2026-03-16 22:33:11.528657', '2026-03-16 22:33:11.528657', NULL, 1, NULL, NULL),
(12, 'maki', 'maki@gmail.com', '$2a$11$s95tDq.KvdGkt4BUs/TxK.JEwizke6Wv80lh3J79H65gC1IVkvTda', '19300.00', 1, '2026-04-10 23:20:47.889811', '2026-04-01 21:43:23.531974', '2026-04-05 18:24:06.622823', NULL, 1, NULL, NULL),
(13, 'kukac', 'kukac@gmail.com', '$2a$11$jQ7aYsw/QIdD78uoqeRaBOmSF0lmy2obBBCSZ/vjGhveXEdf3CG5O', '10000.00', 1, '2026-04-02 20:40:51.861338', '2026-04-02 20:40:18.204493', '2026-04-02 20:40:18.204493', '8587301da8034099b34618156c975c4c', 0, NULL, NULL),
(14, 'kakas', 'kakas@gmail.com', '$2a$11$24vnPTbHCVHI8kTj6d.eAOEV6R2QgyjtZXbsC5n5Jxe7fJctAkhMG', '10000.00', 1, '2026-04-02 22:24:14.849975', '2026-04-02 22:24:02.726963', '2026-04-06 23:15:13.955350', '3459f32252df407ea043bec19680a777', 0, NULL, NULL),
(15, 'sas', 'sas@gmail.com', '$2a$11$pD.ucwrA.MXAoPuafd2KQuS.8PuFtiRf.P2ryYTbxCs/LdmV2/bka', '17100.00', 1, '2026-04-04 08:58:20.700633', '2026-04-04 07:51:53.082403', '2026-04-04 07:51:53.082403', 'cc3059dbc14940a59e46a7c348e12d3f', 0, NULL, NULL),
(16, 'keselyű', 'keselyu@pelda.com', '$2a$11$9aE0yzpKdHng99pgnkBsteChm5ibe8okbQEFpcP4hUovqy6XJnGAq', '26300.00', 0, '2026-04-07 16:44:00.065523', '2026-04-07 09:21:48.807229', '2026-04-07 15:23:38.780134', '0c5aaa7acd0e49c8bdc705716b73d9d2', 0, NULL, NULL),
(17, 'kuka', 'kuka@gmail.com', '$2a$11$6u.RZq0QKB7hsQloJK.wLOx4szL68yDIsTSB0EWncPsIVl.0mCFlu', '10000.00', 1, '2026-04-10 23:28:23.938427', '2026-04-10 23:28:15.072751', '2026-04-10 23:28:15.072752', NULL, 1, NULL, NULL),
(18, 'anon', 'anon@gmail.com', '$2a$11$QNFoY1RUYf5aIsy6ILK3B.wPhbJrnlfrdhtYcz6S8Ei5AKzPPA3oW', '30000.00', 1, '2026-04-16 18:44:58.588152', '2026-04-16 18:43:47.262927', '2026-04-16 18:43:47.262927', NULL, 1, NULL, NULL),
(19, 'asd', 'asd@gmail.com', '$2a$11$0YEKZi8h2gUhiozpm504YOuYikeo9.KV.H7fXpFC042FGDP3O1guO', '10000.00', 1, NULL, '2026-04-16 18:56:53.719712', '2026-04-16 18:56:53.719712', '3e66b729ac55448c8f4824f878bcf395', 0, NULL, NULL),
(20, 'assdddd', 'asdssdds@gmaisdsi.hu', '$2a$11$x67/6C77nMxGfgeRDGIUPeCTZfe0bkSBqNKTkFpypUyjQQm7ycIY.', '10000.00', 1, NULL, '2026-04-16 18:58:03.260177', '2026-04-16 18:58:03.260177', '06fc7490c876468cb518bd20b826152a', 0, NULL, NULL),
(21, 'asdasd', 'asdasdas@gmail.com', '$2a$11$DtvqzkywLPZIWUf5eegufu9sS98.wVYmbwCqV0FWfYOoHB/4tRoZm', '10000.00', 1, '2026-04-16 19:18:56.816612', '2026-04-16 19:10:45.725211', '2026-04-16 19:10:45.725212', NULL, 1, NULL, NULL),
(22, 'balint', 'v.balint0817@gmail.com', '$2a$11$VAJfuUnfyx.UfvlFBAlnBu3HhlVRQg8x29hOOCd3Os.16T2pDQSDe', '10000.00', 1, '2026-04-18 10:51:31.080857', '2026-04-18 10:49:16.404839', '2026-04-18 10:49:16.404839', NULL, 1, NULL, NULL),
(23, 'balint2', 'balint2@gmail.com', '$2a$11$5Li5ap0g4GklyqXiV.HSb.Ava.aOtUFvpWb4d.mOhpxrkdYCkXcwe', '120025800.00', 1, '2026-04-23 01:03:43.725576', '2026-04-19 09:31:45.421826', '2026-04-19 23:40:28.475790', NULL, 1, 'bf8176b4b3e54ad3a55378cb5fff9302', '2026-04-21 21:30:58.607445'),
(24, 'teszteltem', 'teszteltem@gmail.com', '$2a$11$ciga2SLuBTgtqGZQLVp/ZOfVBRvauJkG/HRlCSVe0KqL4aoWehxZa', '10200.00', 1, '2026-04-20 20:19:39.243894', '2026-04-20 19:35:56.167522', '2026-04-21 19:31:55.860650', '7ca3158f56024aaa8b2cf1fbd4f989e6', 0, NULL, NULL),
(26, 'macska', 'macska@gmail.com', '$2a$11$1fUnG0YK.fZ/8zSoweISwu29K1/MsmfGNTAYK0WVBrVox.oqlmtK2', '10000.00', 1, '2026-04-20 21:28:26.940866', '2026-04-20 21:27:01.906073', '2026-04-20 21:27:01.906073', NULL, 1, NULL, NULL),
(27, 'pulyka', 'pulyka@gmail.com', '$2a$11$EsrnGgStcYiEMH6KRrkq/uvo1ceE7smS8PTK6KDGPjWlSHFEZqXxa', '10000.00', 1, '2026-04-21 19:04:36.972311', '2026-04-21 19:03:55.542479', '2026-04-21 19:03:55.542479', NULL, 1, NULL, NULL),
(28, 'tapir', 'tapir@gmail.com', '$2a$11$lb67hXAtK7C2KAbtUi/Hr.cZbyMF6Yj403XoH1.BZ2Iy4vDzpjhru', '10000.00', 1, '2026-04-21 20:32:14.404005', '2026-04-21 20:31:51.028918', '2026-04-21 20:31:51.028918', NULL, 1, NULL, NULL);

-- --------------------------------------------------------

--
-- Tábla szerkezet ehhez a táblához `__efmigrationshistory`
--

CREATE TABLE `__efmigrationshistory` (
  `MigrationId` varchar(150) NOT NULL,
  `ProductVersion` varchar(32) NOT NULL
) ENGINE=InnoDB DEFAULT CHARSET=utf8mb4;

--
-- A tábla adatainak kiíratása `__efmigrationshistory`
--

INSERT INTO `__efmigrationshistory` (`MigrationId`, `ProductVersion`) VALUES
('20260217231946_InitialCreate', '8.0.24'),
('20260218173609_IntitalDb', '8.0.24'),
('20260316201412_AddEmailConfirmationFields', '8.0.24'),
('20260422222726_AddSystemSettings', '8.0.24');

--
-- Indexek a kiírt táblákhoz
--

--
-- A tábla indexei `lotterydraws`
--
ALTER TABLE `lotterydraws`
  ADD PRIMARY KEY (`Id`);

--
-- A tábla indexei `lotterytickets`
--
ALTER TABLE `lotterytickets`
  ADD PRIMARY KEY (`Id`),
  ADD UNIQUE KEY `IX_LotteryTickets_TicketCode` (`TicketCode`),
  ADD KEY `IX_LotteryTickets_DrawId` (`DrawId`),
  ADD KEY `IX_LotteryTickets_UserId` (`UserId`),
  ADD KEY `idx_ticketcode` (`TicketCode`);

--
-- A tábla indexei `roles`
--
ALTER TABLE `roles`
  ADD PRIMARY KEY (`Id`);

--
-- A tábla indexei `systemsettings`
--
ALTER TABLE `systemsettings`
  ADD PRIMARY KEY (`Key`);

--
-- A tábla indexei `transactions`
--
ALTER TABLE `transactions`
  ADD PRIMARY KEY (`Id`),
  ADD KEY `IX_Transactions_UserId` (`UserId`);

--
-- A tábla indexei `userroles`
--
ALTER TABLE `userroles`
  ADD PRIMARY KEY (`UserId`,`RoleId`),
  ADD KEY `IX_UserRoles_RoleId` (`RoleId`);

--
-- A tábla indexei `users`
--
ALTER TABLE `users`
  ADD PRIMARY KEY (`Id`);

--
-- A tábla indexei `__efmigrationshistory`
--
ALTER TABLE `__efmigrationshistory`
  ADD PRIMARY KEY (`MigrationId`);

--
-- A kiírt táblák AUTO_INCREMENT értéke
--

--
-- AUTO_INCREMENT a táblához `lotterydraws`
--
ALTER TABLE `lotterydraws`
  MODIFY `Id` bigint(20) NOT NULL AUTO_INCREMENT, AUTO_INCREMENT=19;

--
-- AUTO_INCREMENT a táblához `lotterytickets`
--
ALTER TABLE `lotterytickets`
  MODIFY `Id` bigint(20) NOT NULL AUTO_INCREMENT, AUTO_INCREMENT=249;

--
-- AUTO_INCREMENT a táblához `transactions`
--
ALTER TABLE `transactions`
  MODIFY `Id` bigint(20) NOT NULL AUTO_INCREMENT, AUTO_INCREMENT=128;

--
-- AUTO_INCREMENT a táblához `users`
--
ALTER TABLE `users`
  MODIFY `Id` bigint(20) NOT NULL AUTO_INCREMENT, AUTO_INCREMENT=32;

--
-- Megkötések a kiírt táblákhoz
--

--
-- Megkötések a táblához `lotterytickets`
--
ALTER TABLE `lotterytickets`
  ADD CONSTRAINT `FK_LotteryTickets_LotteryDraws_DrawId` FOREIGN KEY (`DrawId`) REFERENCES `lotterydraws` (`Id`) ON DELETE CASCADE,
  ADD CONSTRAINT `FK_LotteryTickets_Users_UserId` FOREIGN KEY (`UserId`) REFERENCES `users` (`Id`) ON DELETE CASCADE;

--
-- Megkötések a táblához `transactions`
--
ALTER TABLE `transactions`
  ADD CONSTRAINT `FK_Transactions_Users_UserId` FOREIGN KEY (`UserId`) REFERENCES `users` (`Id`) ON DELETE CASCADE;

--
-- Megkötések a táblához `userroles`
--
ALTER TABLE `userroles`
  ADD CONSTRAINT `FK_UserRoles_Roles_RoleId` FOREIGN KEY (`RoleId`) REFERENCES `roles` (`Id`) ON DELETE CASCADE,
  ADD CONSTRAINT `FK_UserRoles_Users_UserId` FOREIGN KEY (`UserId`) REFERENCES `users` (`Id`) ON DELETE CASCADE;
COMMIT;

/*!40101 SET CHARACTER_SET_CLIENT=@OLD_CHARACTER_SET_CLIENT */;
/*!40101 SET CHARACTER_SET_RESULTS=@OLD_CHARACTER_SET_RESULTS */;
/*!40101 SET COLLATION_CONNECTION=@OLD_COLLATION_CONNECTION */;
