-- phpMyAdmin SQL Dump
-- version 5.1.1
-- https://www.phpmyadmin.net/
--
-- Gép: 127.0.0.1
-- Létrehozás ideje: 2026. Ápr 04. 11:03
-- Kiszolgáló verziója: 10.4.20-MariaDB
-- PHP verzió: 7.3.29

SET SQL_MODE = "NO_AUTO_VALUE_ON_ZERO";
START TRANSACTION;
SET time_zone = "+00:00";


/*!40101 SET @OLD_CHARACTER_SET_CLIENT=@@CHARACTER_SET_CLIENT */;
/*!40101 SET @OLD_CHARACTER_SET_RESULTS=@@CHARACTER_SET_RESULTS */;
/*!40101 SET @OLD_COLLATION_CONNECTION=@@COLLATION_CONNECTION */;
/*!40101 SET NAMES utf8mb4 */;

--
-- Adatbázis: `fortunacasino`
--
CREATE DATABASE IF NOT EXISTS `fortunacasino` DEFAULT CHARACTER SET utf8mb4 COLLATE utf8mb4_general_ci;
USE `fortunacasino`;

-- --------------------------------------------------------

--
-- Tábla szerkezet ehhez a táblához `lotterydraws`
--

CREATE TABLE `lotterydraws` (
  `Id` bigint(20) NOT NULL,
  `DrawDate` datetime(6) NOT NULL,
  `TicketPrice` decimal(65,30) NOT NULL,
  `WinningNumbers` longtext DEFAULT NULL,
  `IsDrawn` tinyint(1) NOT NULL,
  `IsActive` tinyint(1) NOT NULL,
  `TotalTicketsSold` int(11) NOT NULL,
  `TotalPayout` decimal(65,30) NOT NULL,
  `DrawnAt` datetime(6) DEFAULT NULL,
  `DrawnBy` bigint(20) DEFAULT NULL,
  `CreatedAt` datetime(6) NOT NULL,
  `GameType` varchar(20) NOT NULL DEFAULT 'Lottery5'
) ENGINE=InnoDB DEFAULT CHARSET=utf8mb4;

--
-- A tábla adatainak kiíratása `lotterydraws`
--

INSERT INTO `lotterydraws` (`Id`, `DrawDate`, `TicketPrice`, `WinningNumbers`, `IsDrawn`, `IsActive`, `TotalTicketsSold`, `TotalPayout`, `DrawnAt`, `DrawnBy`, `CreatedAt`, `GameType`) VALUES
(1, '2026-04-09 18:00:00.000000', '400.000000000000000000000000000000', NULL, 0, 1, 0, '0.000000000000000000000000000000', NULL, NULL, '2026-03-03 23:44:41.000000', 'Lottery5'),
(2, '2026-04-10 18:00:00.000000', '300.000000000000000000000000000000', NULL, 0, 1, 0, '0.000000000000000000000000000000', NULL, NULL, '2026-03-03 23:44:41.000000', 'Lottery6'),
(3, '2026-04-11 18:00:00.000000', '200.000000000000000000000000000000', NULL, 0, 1, 0, '0.000000000000000000000000000000', NULL, NULL, '2026-03-03 23:44:41.000000', 'Keno'),
(4, '2026-04-08 18:00:00.000000', '450.000000000000000000000000000000', NULL, 0, 1, 0, '0.000000000000000000000000000000', NULL, NULL, '2026-04-04 10:40:36.000000', 'Scandinavian'),
(5, '2026-04-10 20:00:00.000000', '800.000000000000000000000000000000', NULL, 0, 1, 0, '0.000000000000000000000000000000', NULL, NULL, '2026-04-04 10:40:36.000000', 'Eurojackpot'),
(6, '2026-04-07 18:00:00.000000', '300.000000000000000000000000000000', NULL, 0, 1, 0, '0.000000000000000000000000000000', NULL, NULL, '2026-04-04 10:40:36.000000', 'Joker');

-- --------------------------------------------------------

--
-- Tábla szerkezet ehhez a táblához `lotterytickets`
--

CREATE TABLE `lotterytickets` (
  `Id` bigint(20) NOT NULL,
  `UserId` bigint(20) NOT NULL,
  `DrawId` bigint(20) NOT NULL,
  `TicketCode` varchar(255) NOT NULL,
  `FieldsNumbers` longtext DEFAULT NULL,
  `Fields` int(11) DEFAULT NULL,
  `FieldsFilled` tinyint(3) UNSIGNED NOT NULL,
  `IsQuickPick` tinyint(1) NOT NULL,
  `TotalPrice` decimal(65,30) NOT NULL,
  `MatchesNumbers` tinyint(3) UNSIGNED DEFAULT NULL,
  `Matches` tinyint(3) UNSIGNED DEFAULT NULL,
  `TotalWinAmount` decimal(65,30) NOT NULL,
  `IsPaidOut` tinyint(1) NOT NULL,
  `Status` longtext NOT NULL,
  `BoughtAt` datetime(6) NOT NULL
) ENGINE=InnoDB DEFAULT CHARSET=utf8mb4;

--
-- A tábla adatainak kiíratása `lotterytickets`
--

INSERT INTO `lotterytickets` (`Id`, `UserId`, `DrawId`, `TicketCode`, `FieldsNumbers`, `Fields`, `FieldsFilled`, `IsQuickPick`, `TotalPrice`, `MatchesNumbers`, `Matches`, `TotalWinAmount`, `IsPaidOut`, `Status`, `BoughtAt`) VALUES
(1, 9, 1, 'LOT260300001', '3;4;6;26;30', 1, 1, 1, '400.000000000000000000000000000000', 0, NULL, '0.000000000000000000000000000000', 0, 'drawn', '2026-03-11 16:39:35.458703'),
(2, 9, 2, 'LOT260300002', '16;18;25;78;85', 1, 1, 1, '300.000000000000000000000000000000', 0, NULL, '0.000000000000000000000000000000', 0, 'drawn', '2026-03-11 16:39:45.699972'),
(3, 9, 3, 'LOT260300003', '18;19;28;31;83', 1, 1, 1, '200.000000000000000000000000000000', 0, NULL, '0.000000000000000000000000000000', 0, 'drawn', '2026-03-11 16:39:51.404806'),
(4, 9, 1, 'LOT260300004', '3;19;26;55;82', 1, 1, 1, '400.000000000000000000000000000000', NULL, NULL, '0.000000000000000000000000000000', 0, 'active', '2026-03-11 17:11:17.859374'),
(5, 9, 2, 'LOT260300005', '13;29;42;56;59', 1, 1, 1, '300.000000000000000000000000000000', NULL, NULL, '0.000000000000000000000000000000', 0, 'active', '2026-03-11 17:19:21.551938'),
(6, 9, 3, 'LOT260300006', '26;29;42;74;78', 1, 1, 1, '200.000000000000000000000000000000', NULL, NULL, '0.000000000000000000000000000000', 0, 'active', '2026-03-11 17:19:27.879335'),
(7, 9, 1, 'LOT260300007', '5;12;23;34;45', 1, 1, 0, '400.000000000000000000000000000000', NULL, NULL, '0.000000000000000000000000000000', 0, 'active', '0001-01-01 00:00:00.000000'),
(8, 9, 1, 'LOT260300008', '6;13;22;31;44', 1, 1, 0, '400.000000000000000000000000000000', NULL, NULL, '0.000000000000000000000000000000', 0, 'active', '0001-01-01 00:00:00.000000'),
(37, 15, 1, 'UWGUTV17OELY', '12;23;34;45;56', 1, 1, 0, '400.000000000000000000000000000000', NULL, NULL, '0.000000000000000000000000000000', 0, 'active', '2026-04-04 08:49:56.245147'),
(38, 15, 2, '3SRNUMNQ7EES', '5;15;25;35;45;55', 1, 1, 0, '300.000000000000000000000000000000', NULL, NULL, '0.000000000000000000000000000000', 0, 'active', '2026-04-04 08:50:11.485552'),
(39, 15, 3, 'BJB5WOC241Y3', '2;8;15;23;31;40;47;55;62;70', 1, 1, 0, '200.000000000000000000000000000000', NULL, NULL, '0.000000000000000000000000000000', 0, 'active', '2026-04-04 08:50:26.065337'),
(40, 15, 4, 'EOJWSVBHAVNZ', '7;14;21;28;35;42;49', 1, 1, 0, '450.000000000000000000000000000000', NULL, NULL, '0.000000000000000000000000000000', 0, 'active', '2026-04-04 08:50:40.753935'),
(41, 15, 5, '1BAVA2J92EQK', '3;5;10;12;19;28;37', 1, 1, 0, '800.000000000000000000000000000000', NULL, NULL, '0.000000000000000000000000000000', 0, 'active', '2026-04-04 08:50:58.587739'),
(42, 15, 6, '3CZV9THCY3XY', '123456', 1, 1, 0, '300.000000000000000000000000000000', NULL, NULL, '0.000000000000000000000000000000', 0, 'active', '2026-04-04 08:51:11.513829'),
(43, 15, 6, 'C04BP99EVR04', '123456', 1, 1, 0, '300.000000000000000000000000000000', NULL, NULL, '0.000000000000000000000000000000', 0, 'active', '2026-04-04 08:51:11.519308'),
(44, 15, 6, 'EQD954JT96EL', '784512', 1, 1, 0, '300.000000000000000000000000000000', NULL, NULL, '0.000000000000000000000000000000', 0, 'active', '2026-04-04 08:52:50.084712'),
(45, 15, 6, 'F2OJQLNJ1AHF', '784512', 1, 1, 0, '300.000000000000000000000000000000', NULL, NULL, '0.000000000000000000000000000000', 0, 'active', '2026-04-04 08:52:50.088475'),
(46, 15, 6, '5QK5UIAILYVK', '123456', 1, 1, 0, '300.000000000000000000000000000000', NULL, NULL, '0.000000000000000000000000000000', 0, 'active', '2026-04-04 08:53:15.107255'),
(47, 15, 3, 'K5UOFN91FXW6', '2;8;15;23;31;40;47;55;62;70', 1, 1, 0, '200.000000000000000000000000000000', NULL, NULL, '0.000000000000000000000000000000', 0, 'active', '2026-04-04 08:53:15.112661'),
(48, 15, 1, 'YDQFCY1GHVXD', '10;20;30;40;50', 1, 1, 0, '400.000000000000000000000000000000', NULL, NULL, '0.000000000000000000000000000000', 0, 'active', '2026-04-04 08:53:47.238666'),
(49, 15, 4, '79AN9F7T6X6N', '7;14;21;28;35;42;49', 1, 1, 0, '450.000000000000000000000000000000', NULL, NULL, '0.000000000000000000000000000000', 0, 'active', '2026-04-04 08:53:47.242627'),
(50, 15, 5, 'Z5NU6RBPTPCI', '3;5;10;12;19;28;37', 1, 1, 0, '800.000000000000000000000000000000', NULL, NULL, '0.000000000000000000000000000000', 0, 'active', '2026-04-04 08:53:47.246084');

-- --------------------------------------------------------

--
-- Tábla szerkezet ehhez a táblához `roles`
--

CREATE TABLE `roles` (
  `Id` tinyint(3) UNSIGNED NOT NULL,
  `RoleName` longtext NOT NULL,
  `Description` longtext DEFAULT NULL
) ENGINE=InnoDB DEFAULT CHARSET=utf8mb4;

--
-- A tábla adatainak kiíratása `roles`
--

INSERT INTO `roles` (`Id`, `RoleName`, `Description`) VALUES
(1, 'user', NULL),
(2, 'admin', NULL);

-- --------------------------------------------------------

--
-- Tábla szerkezet ehhez a táblához `transactions`
--

CREATE TABLE `transactions` (
  `Id` bigint(20) NOT NULL,
  `UserId` bigint(20) NOT NULL,
  `Type` longtext NOT NULL,
  `Amount` decimal(65,30) NOT NULL,
  `BalanceBefore` decimal(65,30) NOT NULL,
  `BalanceAfter` decimal(65,30) NOT NULL,
  `TicketId` bigint(20) DEFAULT NULL,
  `Description` longtext DEFAULT NULL,
  `CreatedAt` datetime(6) NOT NULL
) ENGINE=InnoDB DEFAULT CHARSET=utf8mb4;

--
-- A tábla adatainak kiíratása `transactions`
--

INSERT INTO `transactions` (`Id`, `UserId`, `Type`, `Amount`, `BalanceBefore`, `BalanceAfter`, `TicketId`, `Description`, `CreatedAt`) VALUES
(1, 9, 'ticket_purchase', '-400.000000000000000000000000000000', '100000.000000000000000000000000000000', '99600.000000000000000000000000000000', NULL, 'Szelvény: LOT260300001', '2026-03-11 16:39:35.549785'),
(2, 9, 'ticket_purchase', '-300.000000000000000000000000000000', '99600.000000000000000000000000000000', '99300.000000000000000000000000000000', NULL, 'Szelvény: LOT260300002', '2026-03-11 16:39:45.706682'),
(3, 9, 'ticket_purchase', '-200.000000000000000000000000000000', '99300.000000000000000000000000000000', '99100.000000000000000000000000000000', NULL, 'Szelvény: LOT260300003', '2026-03-11 16:39:51.410270'),
(4, 9, 'ticket_purchase', '-400.000000000000000000000000000000', '99100.000000000000000000000000000000', '98700.000000000000000000000000000000', NULL, 'Szelvény: LOT260300004', '2026-03-11 17:11:17.987882'),
(5, 9, 'ticket_purchase', '-300.000000000000000000000000000000', '98700.000000000000000000000000000000', '98400.000000000000000000000000000000', NULL, 'Szelvény: LOT260300005', '2026-03-11 17:19:21.558210'),
(6, 9, 'ticket_purchase', '-200.000000000000000000000000000000', '98400.000000000000000000000000000000', '98200.000000000000000000000000000000', NULL, 'Szelvény: LOT260300006', '2026-03-11 17:19:27.883742'),
(7, 9, 'ticket_purchase', '-400.000000000000000000000000000000', '98200.000000000000000000000000000000', '97800.000000000000000000000000000000', NULL, 'Szelvény: LOT260300007 (1 mező)', '2026-03-11 18:12:45.013545'),
(8, 9, 'ticket_purchase', '-400.000000000000000000000000000000', '97800.000000000000000000000000000000', '97400.000000000000000000000000000000', NULL, 'Szelvény: LOT260300008 (1 mező)', '2026-03-11 18:17:02.709320'),
(9, 9, 'demo_topup', '1000.000000000000000000000000000000', '97400.000000000000000000000000000000', '98400.000000000000000000000000000000', NULL, 'Demo feltöltés: +1000 Ft', '2026-03-16 19:53:23.716965'),
(10, 9, 'demo_topup', '10000.000000000000000000000000000000', '98400.000000000000000000000000000000', '108400.000000000000000000000000000000', NULL, 'Demo feltöltés: +10000 Ft', '2026-03-23 23:18:03.383734'),
(11, 9, 'ticket_purchase', '-400.000000000000000000000000000000', '108400.000000000000000000000000000000', '108000.000000000000000000000000000000', NULL, 'Szelvény: LOT260300009', '2026-03-23 23:34:58.252999'),
(12, 9, 'ticket_purchase', '-800.000000000000000000000000000000', '108000.000000000000000000000000000000', '107200.000000000000000000000000000000', NULL, 'Szelvény: LOT260300010', '2026-03-23 23:35:49.043134'),
(13, 9, 'ticket_purchase', '-1200.000000000000000000000000000000', '107200.000000000000000000000000000000', '106000.000000000000000000000000000000', NULL, 'Szelvény: LOT260300011', '2026-03-23 23:36:00.709692'),
(14, 9, 'ticket_purchase', '-500.000000000000000000000000000000', '106000.000000000000000000000000000000', '105500.000000000000000000000000000000', NULL, '1 szelvény vásárlása', '2026-04-04 08:23:02.201327'),
(15, 9, 'ticket_purchase', '-650.000000000000000000000000000000', '105500.000000000000000000000000000000', '104850.000000000000000000000000000000', NULL, '1 szelvény vásárlása', '2026-04-04 08:23:46.155476'),
(16, 9, 'ticket_purchase', '-800.000000000000000000000000000000', '104850.000000000000000000000000000000', '104050.000000000000000000000000000000', NULL, '1 szelvény vásárlása', '2026-04-04 08:24:10.334639'),
(17, 15, 'ticket_purchase', '-800.000000000000000000000000000000', '10000.000000000000000000000000000000', '9200.000000000000000000000000000000', NULL, '1 szelvény vásárlása', '2026-04-04 08:25:34.649930'),
(18, 15, 'ticket_purchase', '-300.000000000000000000000000000000', '9200.000000000000000000000000000000', '8900.000000000000000000000000000000', NULL, '1 szelvény vásárlása', '2026-04-04 08:30:47.402870'),
(19, 15, 'ticket_purchase', '-600.000000000000000000000000000000', '8900.000000000000000000000000000000', '8300.000000000000000000000000000000', NULL, '2 szelvény vásárlása', '2026-04-04 08:35:34.757731'),
(20, 15, 'ticket_purchase', '-700.000000000000000000000000000000', '8300.000000000000000000000000000000', '7600.000000000000000000000000000000', NULL, '2 szelvény vásárlása', '2026-04-04 08:35:58.532047'),
(21, 15, 'ticket_purchase', '-400.000000000000000000000000000000', '7600.000000000000000000000000000000', '7200.000000000000000000000000000000', NULL, '1 szelvény vásárlása', '2026-04-04 08:49:56.295619'),
(22, 15, 'ticket_purchase', '-300.000000000000000000000000000000', '7200.000000000000000000000000000000', '6900.000000000000000000000000000000', NULL, '1 szelvény vásárlása', '2026-04-04 08:50:11.486800'),
(23, 15, 'ticket_purchase', '-200.000000000000000000000000000000', '6900.000000000000000000000000000000', '6700.000000000000000000000000000000', NULL, '1 szelvény vásárlása', '2026-04-04 08:50:26.065735'),
(24, 15, 'ticket_purchase', '-450.000000000000000000000000000000', '6700.000000000000000000000000000000', '6250.000000000000000000000000000000', NULL, '1 szelvény vásárlása', '2026-04-04 08:50:40.754279'),
(25, 15, 'ticket_purchase', '-800.000000000000000000000000000000', '6250.000000000000000000000000000000', '5450.000000000000000000000000000000', NULL, '1 szelvény vásárlása', '2026-04-04 08:50:58.588065'),
(26, 15, 'ticket_purchase', '-600.000000000000000000000000000000', '5450.000000000000000000000000000000', '4850.000000000000000000000000000000', NULL, '2 szelvény vásárlása', '2026-04-04 08:51:11.519552'),
(27, 15, 'ticket_purchase', '-600.000000000000000000000000000000', '4850.000000000000000000000000000000', '4250.000000000000000000000000000000', NULL, '2 szelvény vásárlása', '2026-04-04 08:52:50.088588'),
(28, 15, 'ticket_purchase', '-500.000000000000000000000000000000', '4250.000000000000000000000000000000', '3750.000000000000000000000000000000', NULL, '2 szelvény vásárlása', '2026-04-04 08:53:15.112869'),
(29, 15, 'ticket_purchase', '-1650.000000000000000000000000000000', '3750.000000000000000000000000000000', '2100.000000000000000000000000000000', NULL, '3 szelvény vásárlása', '2026-04-04 08:53:47.246246');

-- --------------------------------------------------------

--
-- Tábla szerkezet ehhez a táblához `userroles`
--

CREATE TABLE `userroles` (
  `UserId` bigint(20) NOT NULL,
  `RoleId` tinyint(3) UNSIGNED NOT NULL,
  `AssignedAt` datetime(6) NOT NULL
) ENGINE=InnoDB DEFAULT CHARSET=utf8mb4;

--
-- A tábla adatainak kiíratása `userroles`
--

INSERT INTO `userroles` (`UserId`, `RoleId`, `AssignedAt`) VALUES
(7, 1, '2026-03-11 13:50:35.519473'),
(9, 2, '2026-03-11 17:25:14.000000'),
(10, 1, '2026-03-16 22:18:47.467546'),
(11, 1, '2026-03-16 22:33:11.743795'),
(12, 1, '2026-04-01 21:43:24.271081'),
(13, 1, '2026-04-02 20:40:18.471452'),
(14, 1, '2026-04-02 22:24:02.983273'),
(15, 1, '2026-04-04 07:51:53.975154');

-- --------------------------------------------------------

--
-- Tábla szerkezet ehhez a táblához `users`
--

CREATE TABLE `users` (
  `Id` bigint(20) NOT NULL,
  `Username` longtext NOT NULL,
  `Email` longtext NOT NULL,
  `PasswordHash` longtext NOT NULL,
  `Balance` decimal(65,30) NOT NULL,
  `IsActive` tinyint(1) NOT NULL,
  `LastLoginAt` datetime(6) DEFAULT NULL,
  `CreatedAt` datetime(6) NOT NULL,
  `UpdatedAt` datetime(6) NOT NULL,
  `EmailConfirmationToken` longtext DEFAULT NULL,
  `EmailConfirmed` tinyint(1) NOT NULL DEFAULT 0
) ENGINE=InnoDB DEFAULT CHARSET=utf8mb4;

--
-- A tábla adatainak kiíratása `users`
--

INSERT INTO `users` (`Id`, `Username`, `Email`, `PasswordHash`, `Balance`, `IsActive`, `LastLoginAt`, `CreatedAt`, `UpdatedAt`, `EmailConfirmationToken`, `EmailConfirmed`) VALUES
(7, 'TesztElek', 'tesztelek@gmail.com', '$2a$11$h3yQr083qe06pPX111uXD.8RHAzJZQ42hIO3yETX.23ErDFF6k7B.', '100.000000000000000000000000000000', 1, '2026-03-11 16:11:43.157882', '2026-03-11 13:50:34.922585', '2026-03-11 13:50:34.922585', NULL, 0),
(9, 'admin', 'admin@test.com', '$2b$11$S6OegkJsfA3r2tDr3fRYkOwSBHI6lqlPNCOSutll/m86NeQxulE52', '104050.000000000000000000000000000000', 0, '2026-04-04 08:22:03.338996', '2026-03-11 17:25:14.000000', '2026-04-04 07:58:04.197422', 'ec254bb8ee264cb1ad0569f4d5022b3a', 0),
(10, 'cica', 'cica123@gmail.com', '$2a$11$1ZHuqPIr59acnfTE2IQwwuDj3d1Pt/HLQ5Ft2p8rxrRlE2Po22.16', '10000.000000000000000000000000000000', 1, '2026-03-16 22:19:05.046562', '2026-03-16 22:18:46.602220', '2026-03-16 22:18:46.602220', NULL, 1),
(11, 'kacsa', 'kacsa123@kacsa.com', '$2a$11$v8fyjd4FZOSLWUmlRG55P.n/a6.EZBG6sqdRIzI0YF.JI7J5Ec7hO', '10000.000000000000000000000000000000', 1, '2026-03-16 22:33:25.714115', '2026-03-16 22:33:11.528657', '2026-03-16 22:33:11.528657', NULL, 1),
(12, 'maki', 'maki@example.com', '$2a$11$s95tDq.KvdGkt4BUs/TxK.JEwizke6Wv80lh3J79H65gC1IVkvTda', '10000.000000000000000000000000000000', 1, '2026-04-02 23:43:42.194092', '2026-04-01 21:43:23.531974', '2026-04-01 21:43:23.531975', 'cf8d79e20a9f4d5aae82ac031b208e18', 0),
(13, 'kukac', 'kukac@gmail.com', '$2a$11$jQ7aYsw/QIdD78uoqeRaBOmSF0lmy2obBBCSZ/vjGhveXEdf3CG5O', '10000.000000000000000000000000000000', 1, '2026-04-02 20:40:51.861338', '2026-04-02 20:40:18.204493', '2026-04-02 20:40:18.204493', '8587301da8034099b34618156c975c4c', 0),
(14, 'kakas', 'kakas@gmail.com', '$2a$11$24vnPTbHCVHI8kTj6d.eAOEV6R2QgyjtZXbsC5n5Jxe7fJctAkhMG', '10000.000000000000000000000000000000', 0, '2026-04-02 22:24:14.849975', '2026-04-02 22:24:02.726963', '2026-04-03 20:15:14.116285', '3459f32252df407ea043bec19680a777', 0),
(15, 'sas', 'sas@gmail.com', '$2a$11$pD.ucwrA.MXAoPuafd2KQuS.8PuFtiRf.P2ryYTbxCs/LdmV2/bka', '2100.000000000000000000000000000000', 1, '2026-04-04 08:58:20.700633', '2026-04-04 07:51:53.082403', '2026-04-04 07:51:53.082403', 'cc3059dbc14940a59e46a7c348e12d3f', 0);

-- --------------------------------------------------------

--
-- Tábla szerkezet ehhez a táblához `__efmigrationshistory`
--

CREATE TABLE `__efmigrationshistory` (
  `MigrationId` varchar(150) NOT NULL,
  `ProductVersion` varchar(32) NOT NULL
) ENGINE=InnoDB DEFAULT CHARSET=utf8mb4;

--
-- A tábla adatainak kiíratása `__efmigrationshistory`
--

INSERT INTO `__efmigrationshistory` (`MigrationId`, `ProductVersion`) VALUES
('20260217231946_InitialCreate', '8.0.24'),
('20260218173609_IntitalDb', '8.0.24'),
('20260316201412_AddEmailConfirmationFields', '8.0.24');

--
-- Indexek a kiírt táblákhoz
--

--
-- A tábla indexei `lotterydraws`
--
ALTER TABLE `lotterydraws`
  ADD PRIMARY KEY (`Id`);

--
-- A tábla indexei `lotterytickets`
--
ALTER TABLE `lotterytickets`
  ADD PRIMARY KEY (`Id`),
  ADD UNIQUE KEY `IX_LotteryTickets_TicketCode` (`TicketCode`),
  ADD KEY `IX_LotteryTickets_DrawId` (`DrawId`),
  ADD KEY `IX_LotteryTickets_UserId` (`UserId`),
  ADD KEY `idx_ticketcode` (`TicketCode`);

--
-- A tábla indexei `roles`
--
ALTER TABLE `roles`
  ADD PRIMARY KEY (`Id`);

--
-- A tábla indexei `transactions`
--
ALTER TABLE `transactions`
  ADD PRIMARY KEY (`Id`),
  ADD KEY `IX_Transactions_UserId` (`UserId`);

--
-- A tábla indexei `userroles`
--
ALTER TABLE `userroles`
  ADD PRIMARY KEY (`UserId`,`RoleId`),
  ADD KEY `IX_UserRoles_RoleId` (`RoleId`);

--
-- A tábla indexei `users`
--
ALTER TABLE `users`
  ADD PRIMARY KEY (`Id`);

--
-- A tábla indexei `__efmigrationshistory`
--
ALTER TABLE `__efmigrationshistory`
  ADD PRIMARY KEY (`MigrationId`);

--
-- A kiírt táblák AUTO_INCREMENT értéke
--

--
-- AUTO_INCREMENT a táblához `lotterydraws`
--
ALTER TABLE `lotterydraws`
  MODIFY `Id` bigint(20) NOT NULL AUTO_INCREMENT, AUTO_INCREMENT=7;

--
-- AUTO_INCREMENT a táblához `lotterytickets`
--
ALTER TABLE `lotterytickets`
  MODIFY `Id` bigint(20) NOT NULL AUTO_INCREMENT, AUTO_INCREMENT=51;

--
-- AUTO_INCREMENT a táblához `transactions`
--
ALTER TABLE `transactions`
  MODIFY `Id` bigint(20) NOT NULL AUTO_INCREMENT, AUTO_INCREMENT=30;

--
-- AUTO_INCREMENT a táblához `users`
--
ALTER TABLE `users`
  MODIFY `Id` bigint(20) NOT NULL AUTO_INCREMENT, AUTO_INCREMENT=16;

--
-- Megkötések a kiírt táblákhoz
--

--
-- Megkötések a táblához `lotterytickets`
--
ALTER TABLE `lotterytickets`
  ADD CONSTRAINT `FK_LotteryTickets_LotteryDraws_DrawId` FOREIGN KEY (`DrawId`) REFERENCES `lotterydraws` (`Id`) ON DELETE CASCADE,
  ADD CONSTRAINT `FK_LotteryTickets_Users_UserId` FOREIGN KEY (`UserId`) REFERENCES `users` (`Id`) ON DELETE CASCADE;

--
-- Megkötések a táblához `transactions`
--
ALTER TABLE `transactions`
  ADD CONSTRAINT `FK_Transactions_Users_UserId` FOREIGN KEY (`UserId`) REFERENCES `users` (`Id`) ON DELETE CASCADE;

--
-- Megkötések a táblához `userroles`
--
ALTER TABLE `userroles`
  ADD CONSTRAINT `FK_UserRoles_Roles_RoleId` FOREIGN KEY (`RoleId`) REFERENCES `roles` (`Id`) ON DELETE CASCADE,
  ADD CONSTRAINT `FK_UserRoles_Users_UserId` FOREIGN KEY (`UserId`) REFERENCES `users` (`Id`) ON DELETE CASCADE;
COMMIT;

/*!40101 SET CHARACTER_SET_CLIENT=@OLD_CHARACTER_SET_CLIENT */;
/*!40101 SET CHARACTER_SET_RESULTS=@OLD_CHARACTER_SET_RESULTS */;
/*!40101 SET COLLATION_CONNECTION=@OLD_COLLATION_CONNECTION */;
